Inchi Key,smiles
IPVQLZZIHOAWMC-QXKUPLGCSA-N,CCC[C@H](N[C@@H](C)C(=O)N1[C@H](C(=O)O)C[C@@H]2CCCC[C@@H]21)C(=O)OCC
GBXSMTUPTTWBMN-XIRDDKMYSA-N,CCOC(=O)[C@H](CCc1ccccc1)N[C@@H](C)C(=O)N1CCC[C@H]1C(=O)O
ZIIJJOPLRSCQNX-UHFFFAOYSA-N,CCN(CC)CCN1C(=O)CN=C(c2ccccc2F)c2cc(Cl)ccc21
QZFHIXARHDBPBY-UHFFFAOYSA-N,COC(=O)Nc1c(N)nc(-c2nn(Cc3ccccc3F)c3ncc(F)cc23)nc1N
VBHQKCBVWWUUKN-KZNAEPCWSA-N,COc1ccc(CCO[C@@H]2CCCC[C@H]2N2CC[C@@H](O)C2)cc1OC
XGMPVBXKDAHORN-RBWIMXSLSA-N,CC(=O)OCC(=O)[C@@]1(O)[C@H](OC(C)=O)C[C@H]2[C@@H]3CCC4=CC(=O)C=C[C@]4(C)[C@@]3(F)[C@@H](O)C[C@@]21C
COWBUPJEEDYWKD-UHFFFAOYSA-N,CNC(=O)c1ccc(-c2cnc3ncc(Cc4ccc5ncccc5c4)n3n2)cc1F
LTXREWYXXSTFRX-QGZVFWFLSA-N,CC#CCn1c(N2CCC[C@@H](N)C2)nc2c1c(=O)n(Cc1nc(C)c3ccccc3n1)c(=O)n2C
PGLIUCLTXOYQMV-UHFFFAOYSA-N,O=C(O)COCCN1CCN(C(c2ccccc2)c2ccc(Cl)cc2)CC1
UIAGMCDKSXEBJQ-UHFFFAOYSA-N,COCCOC(=O)C1=C(C)NC(C)=C(C(=O)OC(C)C)C1c1cccc([N+](=O)[O-])c1
MEZLKOACVSPNER-GFCCVEGCSA-N,C#CCN(C)[C@H](C)Cc1ccccc1
HVYWMOMLDIMFJA-DPAQBDIFSA-N,CC(C)CCC[C@@H](C)[C@H]1CC[C@H]2[C@@H]3CC=C4C[C@@H](O)CC[C@]4(C)[C@H]3CC[C@]12C
IYIKLHRQXLHMJQ-UHFFFAOYSA-N,CCCCc1oc2ccccc2c1C(=O)c1cc(I)c(OCCN(CC)CC)c(I)c1
WVLOADHCBXTIJK-YNHQPCIGSA-N,CN1CC[C@]23c4c5ccc(O)c4O[C@H]2C(=O)CC[C@H]3[C@H]1C5
RWTNPBWLLIMQHL-UHFFFAOYSA-N,CC(C)(C(=O)O)c1ccc(C(O)CCCN2CCC(C(O)(c3ccccc3)c3ccccc3)CC2)cc1
WIGIZIANZCJQQY-RUCARUNLSA-N,CCC1=C(C)CN(C(=O)NCCc2ccc(S(=O)(=O)NC(=O)N[C@H]3CC[C@H](C)CC3)cc2)C1=O
SWZTYAVBMYWFGS-UHFFFAOYSA-N,CCCCCCCCc1ccc(CCC(N)(CO)CO)cc1
GGRBYIUPUOYRLQ-UHFFFAOYSA-N,CN(C)CCN(Cc1ccccc1)c1ccccn1
KIHYPELVXPAIDH-HNSNBQBZSA-N,CCc1cc(/C(C)=N/OCc2ccc(C3CCCCC3)c(C(F)(F)F)c2)ccc1CN1CC(C(=O)O)C1
DDXORDQKGIZAME-UHFFFAOYSA-N,Clc1ccc(COC(Cn2ccnc2)c2ccc(Cl)cc2Cl)cc1
IWVTXAGTHUECPN-ANBBSHPLSA-N,CCOC(=O)OC(C)OC(=O)[C@@H]1N2C(=O)[C@@H](NC(=O)[C@H](N)c3ccccc3)[C@H]2SC1(C)C
LWQQLNNNIPYSNX-UROSTWAQSA-N,C=C1/C(=C\C=C2/CCC[C@]3(C)[C@@H]([C@H](C)/C=C/[C@@H](O)C4CC4)CC[C@@H]23)C[C@@H](O)C[C@@H]1O
WMIZITXEJNQAQK-GGDSLZADSA-N,COc1cc2c3cc1Oc1cc(ccc1O)C[C@@H]1c4c(cc(OC)c(O)c4Oc4ccc(cc4)C[C@@H]3N(C)CC2)CC[N+]1(C)C
UWKQSNNFCGGAFS-XIFFEERXSA-N,CCc1c2c(nc3ccc(OC(=O)N4CCC(N5CCCCC5)CC4)cc13)-c1cc3c(c(=O)n1C2)COC(=O)[C@]3(O)CC
CXOFVDLJLONNDW-UHFFFAOYSA-N,O=C1NC(=O)C(c2ccccc2)(c2ccccc2)N1
BWTNNZPNKQIADY-UHFFFAOYSA-N,Cc1ccc(C(=O)Nc2ccc(CN3CCN(C)CC3)c(C(F)(F)F)c2)cc1C#Cc1cnc2cccnn12
LZCDAPDGXCYOEH-UHFFFAOYSA-N,COc1ccc(-c2ccc3cc(C(=O)O)ccc3c2)cc1C12CC3CC(CC(C3)C1)C2
CEUORZQYGODEFX-UHFFFAOYSA-N,O=C1CCc2ccc(OCCCCN3CCN(c4cccc(Cl)c4Cl)CC3)cc2N1
SJDACOMXKWHBOW-UHFFFAOYSA-N,O=C1Nc2ccccc2C1(c1ccc(O)cc1)c1ccc(O)cc1
OGMADIBCHLQMIP-UHFFFAOYSA-N,NCCS
WUBBRNOQWQTFEX-UHFFFAOYSA-N,Nc1ccc(C(=O)O)c(O)c1
HGVDHZBSSITLCT-JLJPHGGASA-N,CN1CCc2nc(C(=O)N[C@@H]3C[C@@H](C(=O)N(C)C)CC[C@@H]3NC(=O)C(=O)Nc3ccc(Cl)cn3)sc2C1
QAGYKUNXZHXKMR-HKWSIXNMSA-N,Cc1c(O)cccc1C(=O)N[C@@H](CSc1ccccc1)[C@H](O)CN1C[C@H]2CCCC[C@H]2C[C@H]1C(=O)NC(C)(C)C
WBGKWQHBNHJJPZ-LECWWXJVSA-N,CC1(C)O[C@@H]2C[C@H]3[C@@H]4CCC5=CC(=O)C=C[C@]5(C)[C@H]4[C@@H](O)C[C@]3(C)[C@]2(C(=O)CO)O1
ZZHLYYDVIOPZBE-UHFFFAOYSA-N,CC(CN(C)C)CN1c2ccccc2Sc2ccccc21
MQHIQUBXFFAOMK-UHFFFAOYSA-N,Cc1ccc(Nc2nccc(N(C)c3ccc4c(C)n(C)nc4c3)n2)cc1S(N)(=O)=O
RJMIEHBSYVWVIN-UHFFFAOYSA-N,CC(C(=O)O)c1ccc(N2Cc3ccccc3C2=O)cc1
KWTQSFXGGICVPE-WCCKRBBISA-N,N=C(N)NCCC[C@H](N)C(=O)O
VLHUSFYMPUDOEL-WZTVWXICSA-N,CNC(=O)c1c(I)c(NC(C)=O)c(I)c(C(=O)O)c1I
YGWFCQYETHJKNX-UHFFFAOYSA-N,Cc1cc(C(C)(C)C)cc(C)c1CC1=NCCN1
SBXXSUDPJJJJLC-YDALLXLXSA-M,N[C@@H](Cc1cc(I)c(Oc2ccc(O)c(I)c2)c(I)c1)C(=O)O
UWCVGPLTGZWHGS-ZORIOUSZSA-N,CCCN1C[C@H](CSC)C[C@@H]2c3cccc4[nH]cc(c34)C[C@H]21
OPYGFNJSCUDTBT-PMLPCWDUSA-N,CC1(C)S[C@@H]2[C@H](NC(=O)[C@H](N)c3ccccc3)C(=O)N2[C@H]1C(=O)OCOC(=O)[C@@H]1N2C(=O)C[C@H]2S(=O)(=O)C1(C)C
DEIYFTQMQPDXOT-UHFFFAOYSA-N,CCCc1nn(C)c2c(=O)[nH]c(-c3cc(S(=O)(=O)N4CCN(C)CC4)ccc3OCC)nc12
NPUKDXXFDDZOKR-LLVKDONJSA-N,CCOC(=O)c1cncn1[C@H](C)c1ccccc1
QWCJHSGMANYXCW-UHFFFAOYSA-N,Nc1ccc(S(=O)(=O)Nc2ccnn2-c2ccccc2)cc1
BCGJBQBWUGVESK-KCTCKCTRSA-N,CN1CC[C@]23c4c5ccc(O)c4O[C@H]2C(=O)CC[C@@]3(O)[C@H]1C5
WWYNJERNGUHSAO-CULCCENASA-N,C#CC1(O)CC[C@H]2[C@@H]3CCC4=CC(=O)CC[C@@H]4[C@H]3CC[C@@]21CC
WYCLKVQLVUQKNZ-UHFFFAOYSA-N,O=C1CN=C(c2ccccc2)c2cc(Cl)ccc2N1CC(F)(F)F
XFFKZMNPQFASBU-UHFFFAOYSA-M,CC(=O)Nc1c(I)cc(I)c(C(=O)O)c1I
UQCNKQCJZOAFTQ-ISWURRPUSA-N,CN1CC[C@]23c4c5ccc(O)c4O[C@H]2C(=O)CC[C@@]3(O)[C@H]1C5
SAPNXPWPAUFAJU-UHFFFAOYSA-N,CN(CCCN1c2ccccc2CCc2ccccc21)CC(=O)c1ccc(Cl)cc1
ZRALSGWEFCBTJO-UHFFFAOYSA-N,N=C(N)N
OJCZPLDERGDQRJ-UHFFFAOYSA-N,CCC(=O)N(c1ccccc1)C1(COC)CCN(CCc2cccs2)CC1
FHXBMXJMKMWVRG-SLHNCBLASA-N,CC(=O)Oc1ccc2c(c1)CC[C@@H]1[C@@H]2CC[C@]2(C)[C@@H](O)CC[C@@H]12
PQXKDMSYBGKCJA-CVTJIBDQSA-N,O=C1[C@@H]2[C@H]3CC[C@H](C3)[C@@H]2C(=O)N1C[C@@H]1CCCC[C@H]1CN1CCN(c2nsc3ccccc23)CC1
ULXXDDBFHOBEHA-CWDCEQMOSA-N,CN(C)C/C=C/C(=O)Nc1cc2c(Nc3ccc(F)c(Cl)c3)ncnc2cc1O[C@H]1CCOC1
STPKWKPURVSAJF-LJEWAXOPSA-N,CCCCC1(CCCC)CS(=O)(=O)c2ccc(N(C)C)cc2[C@@H](c2ccc(OCc3ccc(C[N+]45CCN(CC4)CC5)cc3)cc2)[C@H]1O
OOLLAFOLCSJHRE-ZHAKMVSLSA-N,CC(=O)O[C@]1(C(C)=O)CC[C@H]2[C@@H]3CCC4=CC(=O)CCC4=C3[C@@H](c3ccc(N(C)C)cc3)C[C@@]21C
AAKJLRGGTJKAMG-UHFFFAOYSA-N,C#Cc1cccc(Nc2ncnc3cc(OCCOC)c(OCCOC)cc23)c1
FWFVLWGEFDIZMJ-FOMYWIRZSA-N,CCN(CC)CC(=O)OCC(=O)[C@@]1(O)CC[C@H]2[C@@H]3CCC4=CC(=O)CC[C@]4(C)[C@H]3[C@@H](O)C[C@@]21C
MPHPHYZQRGLTBO-UHFFFAOYSA-N,CCCC1C(=O)N2C(N(C)C)=Nc3ccc(C)cc3N2C1=O
ZBNZXTGUTAYRHI-UHFFFAOYSA-N,Cc1nc(Nc2ncc(C(=O)Nc3c(C)cccc3Cl)s2)cc(N2CCN(CCO)CC2)n1
GGXICVAJURFBLW-CEYXHVGTSA-N,CC(C)OC(=O)CCC/C=C\C[C@@H]1[C@@H](CC[C@@H](O)CCc2ccccc2)[C@H](O)C[C@@H]1O
RKUNBYITZUJHSG-FXUDXRNXSA-N,CN1[C@@H]2CC[C@H]1C[C@@H](OC(=O)[C@H](CO)c1ccccc1)C2
YEJAJYAHJQIWNU-UHFFFAOYSA-N,CN1CCCC(n2nc(Cc3ccc(Cl)cc3)c3ccccc3c2=O)CC1
RWZVPVOZTJJMNU-UHFFFAOYSA-N,CN(CCCCCCCCCCN(C)C(=O)Oc1cccc([N+](C)(C)C)c1)C(=O)Oc1cccc([N+](C)(C)C)c1
DUIGUKRYYAGJAF-UHFFFAOYSA-N,c1ccc(CN(CC2=NCCN2)c2ccccc2)cc1
PCOBBVZJEWWZFR-UHFFFAOYSA-N,CCOC(=O)Nc1ccc(NCc2ccc(F)cc2)cc1N
DGHHQBMTXTWTJV-BQAIUKQQSA-N,CC[C@@]1(O)C(=O)OCc2c1cc1n(c2=O)Cc2cc3c(CN(C)C)c(O)ccc3nc2-1
GJPICJJJRGTNOD-UHFFFAOYSA-N,COc1ccccc1Oc1c(NS(=O)(=O)c2ccc(C(C)(C)C)cc2)nc(-c2ncccn2)nc1OCCO
WVDSKQXKCDZXLH-OHIDFYLOSA-N,CC(C)(N)C(=O)N[C@H](Cc1c[nH]c2ccccc12)C(=O)N[C@H](Cc1c[nH]c2ccccc12)NC=O
ORUUBRMVQCKYHB-UHFFFAOYSA-N,CN(C)CC(c1ccc(O)cc1)C1(O)CCCCC1
DYAIAHUQIPBDIP-AXAPSJFSSA-N,O=C(O)C1=C(CSc2nnnn2CS(=O)(=O)O)CS[C@@H]2[C@H](NC(=O)[C@H](O)c3ccccc3)C(=O)N12
MEPNHSOMXMALDZ-UHFFFAOYSA-N,CC(C)Nc1cccnc1N1CCN(C(=O)c2cc3cc(NS(C)(=O)=O)ccc3[nH]2)CC1
LSQZJLSUYDQPKJ-NJBDSQKTSA-N,CC1(C)S[C@@H]2[C@H](NC(=O)[C@H](N)c3ccc(O)cc3)C(=O)N2[C@H]1C(=O)O
RJPZIQRLRMWPRF-UHFFFAOYSA-N,CN(C)CCN1C(=O)c2ccccc2N(C)c2ccccc21
PODWXQQNRWNDGD-UHFFFAOYSA-L,O=S(O)(O)=S
GLVAUDGFNGKCSF-UHFFFAOYSA-N,Sc1ncnc2nc[nH]c12
OJPWHUOVKVKBQB-UHFFFAOYSA-N,CCN(CC)CCCC(C)Nc1ccnc2cc(Cl)ccc12
MJVAVZPDRWSRRC-UHFFFAOYSA-N,CC1=CC(=O)c2ccccc2C1=O
XUPZAARQDNSRJB-SJDTYFKWSA-N,CN(C)CC/C=C1\c2ccccc2CSc2ccccc21
OMHBPUNFVFNHJK-UHFFFAOYSA-P,CC[N+](CC)(CCNC(=O)C(=O)NCC[N+](CC)(CC)Cc1ccccc1Cl)Cc1ccccc1Cl
STDBAQMTJLUMFW-UHFFFAOYSA-N,CCCCC1(CC)C(=O)NC(=O)NC1=O
SWMDAPWAQQTBOG-UHFFFAOYSA-N,COc1cnc(-n2cnc(C)n2)c2c1c(C(=O)C(=O)N1CCN(C(=O)c3ccccc3)CC1)cn2COP(=O)(O)O
IFUKBHBISRAZTF-UHFFFAOYSA-M,Cc1nnc(C(=O)NC(C)(C)c2nc(C(=O)NCc3ccc(F)cc3)c(O)c(=O)n2C)o1
PLDUPXSUYLZYBN-UHFFFAOYSA-N,OCCN1CCN(CCCN2c3ccccc3Sc3ccc(C(F)(F)F)cc32)CC1
FASDKYOPVNHBLU-ZETCQYMHSA-N,CCCN[C@H]1CCc2nc(N)sc2C1
BHTRKEVKTKCXOH-LBSADWJPSA-N,C[C@H](CCC(=O)NCCS(=O)(=O)O)[C@H]1CC[C@H]2[C@@H]3[C@@H](O)C[C@@H]4C[C@H](O)CC[C@]4(C)[C@H]3CC[C@]12C
DGMZLCLHHVYDIS-UHFFFAOYSA-N,COc1ccc2c(C(=O)c3ccc(Cl)cc3)c(C)n(CC(=O)O)c2c1
MQHLMHIZUIDKOO-AYHJJNSGSA-N,CCC(C)(C)c1ccc(CC(C)CN2C[C@@H](C)O[C@@H](C)C2)cc1
RKUNBYITZUJHSG-SPUOUPEWSA-N,CN1[C@@H]2CC[C@H]1C[C@@H](OC(=O)C(CO)c1ccccc1)C2
LYCAIKOWRPUZTN-UHFFFAOYSA-N,OCCO
SZKQYDBPUCZLRX-UHFFFAOYSA-N,CCN(CC)CCOC(=O)c1ccc(N)cc1Cl
BSMCAPRUBJMWDF-KRWDZBQOSA-N,O=C(c1ccc(F)c(F)c1Nc1ccc(I)cc1F)N1CC(O)([C@@H]2CCCCN2)C1
HNLXNOZHXNSSPN-UHFFFAOYSA-N,CC(C)(C)CC(C)(C)c1ccc(OCCOCCOCCOCCOCCOCCOCCO)cc1
VPNYRYCIDCJBOM-UHFFFAOYSA-M,C[N+]1(C)CCC(OC(=O)C(O)(c2ccccc2)C2CCCC2)C1
DQHAZEKGLAMVFA-UHFFFAOYSA-M,C[N+]1(C)CCCC1COC(=O)C(O)(c1ccccc1)c1ccccc1
ADEBPBSSDYVVLD-UHFFFAOYSA-N,COc1cc2c(cc1OC)C(=O)C(CC1CCN(Cc3ccccc3)CC1)C2
OIRFJRBSRORBCM-UHFFFAOYSA-N,CCC(Cc1c(I)cc(I)c(N)c1I)C(=O)O
HSRJKNPTNIJEKV-UHFFFAOYSA-N,COc1ccccc1OCC(O)CO
IQWYAQCHYZHJOS-UHFFFAOYSA-N,CN1C(=O)CN=C(C2=CCCCC2)c2cc(Cl)ccc21
QELUYTUMUWHWMC-UHFFFAOYSA-N,CC1=NN(c2ccccc2)C(=O)C1
SHGAZHPCJJPHSC-YCNIQYBTSA-N,CC1=C(/C=C/C(C)=C/C=C/C(C)=C/C(=O)O)C(C)(C)CCC1
SNHRLVCMMWUAJD-SUYDQAKGSA-N,CCCCC(=O)O[C@]1(C(=O)CO)[C@@H](C)C[C@H]2[C@@H]3CCC4=CC(=O)C=C[C@]4(C)[C@@]3(F)[C@@H](O)C[C@@]21C
GTNDZRUWKHDICY-DJHAJVGHSA-N,CCCCCCCCCCCCCCCC(=O)O[C@@H]1[C@@H](O)[C@@H](O)[C@@H]([C@H](NC(=O)[C@@H]2C[C@@H](CCC)CN2C)[C@H](C)Cl)O[C@@H]1SC
VJYSBPDEJWLKKJ-NLIMODCCSA-N,COC(=O)N[C@H](C(=O)N1CCC[C@H]1c1nc2cc([C@H]3CC[C@H](c4cc5nc([C@@H]6CCCN6C(=O)[C@@H](NC(=O)OC)[C@@H](C)OC)[nH]c5cc4F)N3c3cc(F)c(N4CCC(c5ccc(F)cc5)CC4)c(F)c3)c(F)cc2[nH]1)[C@@H](C)OC
RDHQFKQIGNGIED-MRVPVSSYSA-N,CC(=O)O[C@H](CC(=O)[O-])C[N+](C)(C)C
XFCLJVABOIYOMF-QPLCGJKRSA-N,CN(C)CCOc1ccc(/C(=C(/CCCl)c2ccccc2)c2ccccc2)cc1
OLNTVTPDXPETLC-XPWALMASSA-N,O=C1[C@H](CC[C@H](O)c2ccc(F)cc2)[C@@H](c2ccc(O)cc2)N1c1ccc(F)cc1
TXSIWDVUJVMMKM-UHFFFAOYSA-M,O=C(O)CCCO
DYLGFOYVTXJFJP-MYYYXRDXSA-N,CCCCN(CCCC)CC(O)c1cc(Cl)cc2c1-c1ccc(Cl)cc1/C2=C/c1ccc(Cl)cc1
FNPXMHRZILFCKX-KAJVQRHHSA-N,CCOC(=O)O[C@]1(C(=O)COC(=O)CC)CC[C@H]2[C@@H]3CCC4=CC(=O)C=C[C@]4(C)[C@H]3[C@@H](O)C[C@@]21C
BMUKKTUHUDJSNZ-UHFFFAOYSA-N,CC(COc1ccccc1)NC(C)C(O)c1ccc(O)cc1
DJBNUMBKLMJRSA-UHFFFAOYSA-N,O=C(NCC1CCCCN1)c1cc(OCC(F)(F)F)ccc1OCC(F)(F)F
FABPRXSRWADJSP-MEDUHNTESA-N,COc1c(N2C[C@@H]3CCCN[C@@H]3C2)c(F)cc2c(=O)c(C(=O)O)cn(C3CC3)c12
WCNLCIJMFAJCPX-UHFFFAOYSA-N,CCOC(=O)C1(c2ccccc2)CCN(C)CC1
IYGXEHDCSOYNKY-RZHHZEQLSA-N,CCCCC[C@H](O)/C=C/[C@@H]1[C@@H](C/C=C\CCCC(=O)O)[C@@H](O)C[C@H]1O
RMEDXOLNCUSCGS-UHFFFAOYSA-N,O=C(CCCN1CC=C(n2c(=O)[nH]c3ccccc32)CC1)c1ccc(F)cc1
TVYLLZQTGLZFBW-UHFFFAOYSA-N,COc1cccc(C2(O)CCCCC2CN(C)C)c1
HWHLPVGTWGOCJO-UHFFFAOYSA-N,OC(CCN1CCCCC1)(c1ccccc1)C1CCCCC1
PHVGLTMQBUFIQQ-UHFFFAOYSA-N,CNCCC=C1c2ccccc2CCc2ccccc21
VJCVKWFBWAVYOC-UIXXXISESA-N,CN1CC[C@@H](NC(=O)Nc2ccc(C#N)cc2)C[C@@H]1c1nc2ccccc2[nH]1
HPNSFSBZBAHARI-RUDMXATFSA-N,COc1c(C)c2c(c(O)c1C/C=C(\C)CCC(=O)O)C(=O)OC2
BVZLLUDATICXCI-JMSCDMLISA-N,COC(=O)N[C@H](C(=O)N1CCC[C@H]1c1ncc(-c2ccc(-c3ccc(-c4cnc([C@@H]5CCCN5C(=O)[C@@H](NC(=O)OC)C(C)C)[nH]4)cc3)cc2)[nH]1)C(C)C
BXWNKGSJHAJOGX-UHFFFAOYSA-N,CCCCCCCCCCCCCCCCO
XRVDGNKRPOAQTN-FQEVSTJZSA-N,CC(C)Oc1ccc(-c2nc(-c3cccc4c3CC[C@@H]4NCCO)no2)cc1C#N
HUYWAWARQUIQLE-UHFFFAOYSA-N,CCC(NC(C)C)C(O)c1ccc(O)c(O)c1
ALELTFCQZDXAMQ-UHFFFAOYSA-N,CC(CC1c2ccccc2CCc2ccccc21)CN(C)C
HYHMLYSLQUKXKP-UHFFFAOYSA-N,CC(C)(CCCCCC(O)CCCCCC(C)(C)C(=O)O)C(=O)O
QAFZLTVOFJHYDF-UHFFFAOYSA-N,Cc1cnc(Nc2ccc(OCCN3CCCC3)cc2)nc1Nc1cccc(S(=O)(=O)NC(C)(C)C)c1
ZPMVNZLARAEGHB-UHFFFAOYSA-N,CN1CCC(=C2c3ccccc3C=Cc3ccccc32)CC1
WISNYKIQFMKSDQ-UHFFFAOYSA-N,Cn1cnc([N+](=O)[O-])c1Sc1ncnc2nc[nH]c12
GXESHMAMLJKROZ-IAPPQJPRSA-N,Oc1ccc2c(c1)CC[C@H](c1ccccc1)[C@@H]2c1ccc(OCCN2CCCC2)cc1
NQHXCOAXSHGTIA-SKXNDZRYSA-N,Cc1c(O)cccc1C(=O)N[C@@H](CSc1ccccc1)[C@H](O)CN1C[C@H]2CCCC[C@H]2C[C@H]1C(=O)NC(C)(C)C
QRXWMOHMRWLFEY-UHFFFAOYSA-N,NNC(=O)c1ccncc1
BPQMGSKTAYIVFO-UHFFFAOYSA-N,CS(=O)(=O)c1ccc(C(=O)Nc2ccc(Cl)c(-c3ccccn3)c2)c(Cl)c1
GZHFODJQISUKAY-UHFFFAOYSA-N,CC[N+](C)(CC)CCOC(=O)C1c2ccccc2Oc2ccccc21
CDCHDCWJMGXXRH-UHFFFAOYSA-N,Clc1ccc2c(c1)C(c1ccccc1)=NCc1nncn1-2
SYTBZMRGLBWNTM-UHFFFAOYSA-N,CC(C(=O)O)c1ccc(-c2ccccc2)c(F)c1
CETWSOHVEGTIBR-FORAGAHYSA-N,C[C@@H](Cc1ccccc1)NC(=O)[C@@H](N)CCCCN
ZEMIJUDPLILVNQ-ZXFNITATSA-N,CC(C)(C)C(=O)OCOC(=O)[C@@H]1N2C(=O)[C@@H](NC(=O)[C@H](N)c3ccccc3)[C@H]2SC1(C)C
QVYRGXJJSLMXQH-UHFFFAOYSA-N,Cc1ccccc1C(OCCN(C)C)c1ccccc1
JYCNMRVZELJVAW-RZVFYPHASA-N,CN(C)[C@@H]1C(=O)C(C(N)=O)C(=O)[C@@]2(O)C(=O)C3C(=O)c4c(O)c(NC(=O)CN5CCCC5)cc(F)c4C[C@H]3C[C@@H]12
CFOYWRHIYXMDOT-UHFFFAOYSA-N,CCOC(=O)n1ccn(C)c1=S
XLFKECRRMPOAQS-UHFFFAOYSA-N,Clc1ccc(CCCOCCCN2CCCCC2)cc1
YBBLVLTVTVSKRW-UHFFFAOYSA-N,CC(C)(C#N)c1cc(Cn2cncn2)cc(C(C)(C)C#N)c1
VRQVVMDWGGWHTJ-CQSZACIVSA-N,COc1ccc2c(c1)N(C[C@H](C)CN(C)C)c1ccccc1S2
BJJXHLWLUDYTGC-ANULTFPQSA-N,C#C[C@]1(O)CC[C@H]2[C@@H]3CCC4=CC(=O)CCC4=C3C=C[C@@]21CC
RFMIKMMOLPNEDG-QVUDESDKSA-M,C[C@]1(Cn2ccnn2)[C@H](C(=O)O)N2C(=O)C[C@H]2S1(=O)=O
FZGVEKPRDOIXJY-UHFFFAOYSA-N,Cc1ccc(C(=O)Oc2ccc(C(O)CNC(C)(C)C)cc2OC(=O)c2ccc(C)cc2)cc1
VYMDGNCVAMGZFE-UHFFFAOYSA-N,CCCCC1C(=O)N(c2ccccc2)N(c2ccccc2)C1=O
PCSWXVJAIHCTMO-UHFFFAOYSA-P,Cc1cc(N)c2ccccc2[n+]1CCCCCCCCCC[n+]1c(C)cc(N)c2ccccc21
DMLFJMQTNDSRFU-UHFFFAOYSA-N,CNC1=Nc2ccc(Cl)cc2C(c2ccccc2)=[N+]([O-])C1
FKENQMMABCRJMK-RITPCOANSA-N,CC1(C)[C@H](C(=O)O)N2C(=O)C[C@H]2S1(=O)=O
DTXPDSQEMZRBBG-UHFFFAOYSA-N,CCC(=O)C(CC(C)N1CCCCC1)(c1ccccc1)c1ccccc1
FCSXYHUNDAXDRH-QVRIGTRMSA-N,COc1ccc(C[C@@H](C)NC[C@H](O)c2ccc(O)c(NC=O)c2)cc1
QIWDGSYHBCMXSI-UHFFFAOYSA-J,Cc1cc(OP(=O)(O)O)c2ccccc2c1OP(=O)(O)O
CMDKPGRTAQVGFQ-RMKNXTFCSA-N,CCOCCOC(=O)/C=C/c1ccc(OC)cc1
ODKNJVUHOIMIIZ-RRKCRQDMSA-N,O=c1[nH]c(=O)n([C@H]2C[C@H](O)[C@@H](CO)O2)cc1F
XUBOMFCQGDBHNK-UHFFFAOYSA-N,COc1c(N2CCNC(C)C2)c(F)cc2c(=O)c(C(=O)O)cn(C3CC3)c12
PTRATZCAGVBFIQ-UHFFFAOYSA-N,Cc1ccc(-c2ccc(C)cn2)nc1
WFXFYZULCQKPIP-UHFFFAOYSA-N,COc1cc2nc(N3CCN(C(=O)c4ccco4)CC3)nc(N)c2cc1OC
QWSHKNICRJHQCY-VBTXLZOXSA-N,CC(C)CN(C[C@@H](O)[C@H](Cc1ccccc1)NC(=O)O[C@H]1CO[C@H]2OCC[C@H]21)S(=O)(=O)c1ccc(N)cc1
ZZVUWRFHKOJYTH-UHFFFAOYSA-N,CN(C)CCOC(c1ccccc1)c1ccccc1
KYWCWBXGRWWINE-UHFFFAOYSA-N,COc1ccc(C(=O)NCc2cccnc2)cc1C(=O)NCc1cccnc1
RFUCJKFZFXNIGB-ZBBHRWOZSA-N,CCC(CC)[C@H](NC(C)=O)[C@@H]1[C@H](O)[C@@H](C(=O)O)C[C@H]1NC(=N)N
VEPSYABRBFXYIB-PWXDFCLTSA-M,CC(=O)O[C@H]1C[C@@H]2CC[C@@H]3[C@H](CC[C@@]4(C)[C@H]3C[C@H]([N+]3(C)CCCCC3)[C@@H]4OC(C)=O)[C@@]2(C)C[C@@H]1N1CCCCC1
HZZVJAQRINQKSD-PBFISZAISA-N,O=C(O)[C@H]1/C(=C/CO)O[C@@H]2CC(=O)N21
ZMRUPTIKESYGQW-UHFFFAOYSA-N,CC(C)NCC(O)COc1cccc2ccccc12
QDGZDCVAUDNJFG-FXQIFTODSA-N,C=C1[C@H](CO)[C@@H](O)C[C@@H]1n1cnc2c(=O)[nH]c(N)nc21
KEWHKYJURDBRMN-XSAPEOHZSA-M,CC(C)[N+]1(C)[C@@H]2CC[C@H]1C[C@@H](OC(=O)C(CO)c1ccccc1)C2
IRHXGOXEBNJUSN-YOXDLBRISA-N,CC(C)(C)NC(=O)[C@@H]1C[C@@H]2CCCC[C@@H]2CN1C[C@@H](O)[C@H](Cc1ccccc1)NC(=O)[C@H](CC(N)=O)NC(=O)c1ccc2ccccc2n1
GSDSWSVVBLHKDQ-UHFFFAOYSA-N,CC1COc2c(N3CCN(C)CC3)c(F)cc3c(=O)c(C(=O)O)cn1c23
PYTMYKVIJXPNBD-UHFFFAOYSA-N,CCN(CC)CCOc1ccc(C(=C(Cl)c2ccccc2)c2ccccc2)cc1
MUMGGOZAMZWBJJ-DYKIIFRCSA-N,C[C@]12CC[C@H]3[C@@H](CCC4=CC(=O)CC[C@@]43C)[C@@H]1CC[C@@H]2O
GYHCTFXIZSNGJT-UHFFFAOYSA-N,Cc1ccccc1C(=O)Nc1ccc(C(=O)N2CCCC(O)c3cc(Cl)ccc32)c(C)c1
UOTMYNBWXDUBNX-UHFFFAOYSA-N,COc1ccc(Cc2nccc3cc(OC)c(OC)cc23)cc1OC
KYITYFHKDODNCQ-UHFFFAOYSA-M,CC(=O)CC(c1ccccc1)c1c(O)c2ccccc2oc1=O
BDJRBEYXGGNYIS-UHFFFAOYSA-N,O=C(O)CCCCCCCC(=O)O
RZTAMFZIAATZDJ-UHFFFAOYSA-N,CCOC(=O)C1=C(C)NC(C)=C(C(=O)OC)C1c1cccc(Cl)c1Cl
UXYRZJKIQKRJCF-TZPFWLJSSA-N,C[C@H]1CC(=O)C[C@@H]2CC[C@H]3[C@@H]4CC[C@H](O)[C@@]4(C)CC[C@@H]3[C@]21C
CJOFXWAVKWHTFT-XSFVSMFZSA-N,COCCCC/C(=N\OCCN)c1ccc(C(F)(F)F)cc1
ZJIJAJXFLBMLCK-UHFFFAOYSA-N,FC(F)(F)C(F)(F)C(F)(F)C(F)(F)C(F)(F)C(F)(F)F
DUORKVZYABUEHW-AHJYMZSGSA-N,Nc1nc2[nH]cc(CCc3ccc(C(=O)N[C@@H](CCC(=O)O)C(=O)O)cc3)c2c(=O)[nH]1
PXKHGMGELZGJQE-ILBGXUMGSA-N,CCCCCCCCCCCCCCCC(=O)OC[C@@H](NC(=O)C(Cl)Cl)[C@H](O)c1ccc([N+](=O)[O-])cc1
VPZRWNZGLKXFOE-UHFFFAOYSA-M,O=C(O)CCCc1ccccc1
PMXMIIMHBWHSKN-UHFFFAOYSA-N,Cc1nc2n(c(=O)c1CCN1CCC(c3noc4cc(F)ccc34)CC1)CCCC2O
MTFCPNHRBINLRQ-UHFFFAOYSA-N,CC(CNC1CCCCC1)OC(=O)c1ccccc1
KFYRPLNVJVHZGT-UHFFFAOYSA-N,CN(C)CCC=C1c2ccccc2CCc2ccccc21
PNDPGZBMCMUPRI-UHFFFAOYSA-N,II
YXKTVDFXDRQTKV-HNNXBMFYSA-N,C[C@@H](Cc1ccccc1)N(C)Cc1ccccc1
LBTQUZNIWCWBNN-UHFFFAOYSA-N,Cc1ccccc1-c1cc(N2CC[N+](C)(COP(=O)(O)O)CC2)ncc1N(C)C(=O)C(C)(C)c1cc(C(F)(F)F)cc(C(F)(F)F)c1
OYTJKRAYGYRUJK-FMCCZJBLSA-M,C=CC[N+]1([C@H]2C[C@H]3[C@@H]4CC[C@H]5C[C@H](O)[C@@H](N6CCOCC6)C[C@]5(C)[C@H]4CC[C@]3(C)[C@H]2OC(C)=O)CCCC1
SBUJHOSQTJFQJX-NOAMYHISSA-N,NC[C@H]1O[C@H](O[C@H]2[C@H](O)[C@@H](O[C@H]3O[C@H](CO)[C@@H](O)[C@H](N)[C@H]3O)[C@H](N)C[C@@H]2N)[C@H](O)[C@@H](O)[C@@H]1O
LOMMPXLFBTZENJ-ZACQAIPSSA-N,CS(=O)(=O)c1ccc(Oc2cc(F)cc(C#N)c2)c2c1[C@H](O)[C@H](F)[C@@H]2F
CNDQSXOVEQXJOE-UHFFFAOYSA-N,CCCCC1C(=O)N(c2ccccc2)N(c2ccc(O)cc2)C1=O
SOYKEARSMXGVTM-UHFFFAOYSA-N,CN(C)CCC(c1ccc(Cl)cc1)c1ccccn1
NDDAHWYSQHTHNT-UHFFFAOYSA-N,CC1Cc2ccccc2N1NC(=O)c1ccc(Cl)c(S(N)(=O)=O)c1
QMHSXPLYMTVAMK-UHFFFAOYSA-N,Cc1cc(/C=C/c2ccc3cc(N(C)C)ccc3[n+]2C)c(C)n1-c1ccccc1
HSMKTIKKPMTUQH-WBPXWQEISA-L,C[N+]1(CCCCC[N+]2(C)CCCC2)CCCC1
XCMULUAPJXCOHI-UHFFFAOYSA-N,CCCc1nc(C)c2c(=O)[nH]c(-c3cc(S(=O)(=O)N4CCN(CC)CC4)ccc3OCC)nn12
AHOUBRCZNHFOSL-YOEHRIQHSA-N,Fc1ccc([C@@H]2CCNC[C@H]2COc2ccc3c(c2)OCO3)cc1
ROBVIMPUHSLWNV-UHFFFAOYSA-N,CCC1(c2ccc(N)cc2)CCC(=O)NC1=O
UAIXRPCCYXNJMQ-HPRIMLMLSA-N,CO[C@@]12CC[C@@]3(C[C@@H]1[C@](C)(O)C(C)(C)C)[C@H]1Cc4ccc(O)c5c4[C@@]3(CCN1CC1CC1)[C@H]2O5
MSWZFWKMSRAUBD-IVMDWMLBSA-N,N[C@H]1C(O)O[C@H](CO)[C@@H](O)[C@@H]1O
GKCBAIGFKIBETG-UHFFFAOYSA-N,CCCCNc1ccc(C(=O)OCCN(C)C)cc1
NETZHAKZCGBWSS-CEDHKZHLSA-N,Oc1ccc2c3c1O[C@H]1[C@@H](O)CC[C@@]4(O)[C@@H](C2)N(CC2CCC2)CC[C@]314
HDZAQYPYABGTCL-UHFFFAOYSA-N,C[N+](C)(CCCCCC[N+](C)(C)C1c2ccccc2-c2ccccc21)C1c2ccccc2-c2ccccc21
NMUSYJAQQFHJEW-KVTDHHQDSA-N,Nc1ncn([C@@H]2O[C@H](CO)[C@@H](O)[C@H]2O)c(=O)n1
XRCFXMGQEVUZFC-UHFFFAOYSA-N,COc1ccc(C2C(=O)c3ccccc3C2=O)cc1
UCFGDBYHRUNTLO-QHCPKHFHSA-N,CC[C@@]1(O)C(=O)OCc2c1cc1n(c2=O)Cc2cc3c(CN(C)C)c(O)ccc3nc2-1
JMUHBNWAORSSBD-WKYWBUFDSA-N,CCCCCCCCCCCCCCCC(=O)OC[C@H](COP(=O)(O)OCCNC(=O)[C@H](C)NC(=O)CC[C@@H](NC(=O)[C@H](C)NC(=O)[C@@H](C)O[C@H]1[C@H](O)[C@@H](CO)OC(O)[C@@H]1NC(C)=O)C(N)=O)OC(=O)CCCCCCCCCCCCCCC
WIKYUJGCLQQFNW-UHFFFAOYSA-N,CN1CCN(CCCN2c3ccccc3Sc3ccc(Cl)cc32)CC1
UQZKYYIKWZOKKD-UHFFFAOYSA-N,Cc1ccccc1C(OCCN(C)C)c1ccccc1
IFFPICMESYHZPQ-UHFFFAOYSA-N,CC(Cc1ccccc1)NCCC(c1ccccc1)c1ccccc1
WSEQXVZVJXJVFP-UHFFFAOYSA-N,CN(C)CCCC1(c2ccc(F)cc2)OCc2cc(C#N)ccc21
GUGHGUXZJWAIAS-QQYBVWGSSA-N,COc1cccc2c1C(=O)c1c(O)c3c(c(O)c1C2=O)C[C@@](O)(C(C)=O)C[C@@H]3O[C@H]1C[C@H](N)[C@H](O)[C@H](C)O1
TVCAZGSWNBZVJN-UHFFFAOYSA-M,CC[N+](C)(C)CCOC(=O)C(O)(c1ccccc1)c1ccccc1
UQLLWWBDSUHNEB-CZUORRHYSA-N,CC(=O)OCC1=C(C(=O)O)N2C(=O)[C@@H](NC(=O)CSc3ccncc3)[C@H]2SC1
QCHSEDTUUKDTIG-UHFFFAOYSA-L,O=C(O)C1N=C(c2ccccc2)c2cc(Cl)ccc2NC1=O
HDACQVRGBOVJII-JBDAPHQKSA-N,CCOC(=O)[C@H](CCc1ccccc1)N[C@@H](C)C(=O)N1[C@H](C(=O)O)C[C@@H]2CCC[C@@H]21
UKTAZPQNNNJVKR-KJGYPYNMSA-N,O=C(O[C@@H]1C[C@@H]2C[C@H]3C[C@H](C1)N2CC3=O)c1c[nH]c2ccccc12
PDWUPXJEEYOOTR-JRGAVVOBSA-N,N=C(N)NCc1cccc([131I])c1
LMOINURANNBYCM-UHFFFAOYSA-N,CC(C)NCC(O)c1cc(O)cc(O)c1
MYPYJXKWCTUITO-LYRMYLQWSA-N,CN[C@H](CC(C)C)C(=O)N[C@H]1C(=O)N[C@@H](CC(N)=O)C(=O)N[C@H]2C(=O)N[C@H]3C(=O)N[C@H](C(=O)N[C@H](C(=O)O)c4cc(O)cc(O)c4-c4cc3ccc4O)[C@H](O)c3ccc(c(Cl)c3)Oc3cc2cc(c3O[C@@H]2O[C@H](CO)[C@@H](O)[C@H](O)[C@H]2O[C@H]2C[C@](C)(N)[C@H](O)[C@H](C)O2)Oc2ccc(cc2Cl)[C@H]1O
QMQBBUPJKANITL-MYXGOWFTSA-N,CCC(=O)O[C@](Cc1ccccc1)(c1ccccc1)[C@H](C)CN(C)C
PIQVDUKEQYOJNR-VZXSFKIWSA-N,COC(=O)[C@H]1[C@@H](OC(=O)c2ccccc2)C[C@@H]2CC[C@H]1N2C
VOVIALXJUBGFJZ-KWVAZRHASA-N,CCCC1O[C@@H]2C[C@H]3[C@@H]4CCC5=CC(=O)C=C[C@]5(C)[C@H]4[C@@H](O)C[C@]3(C)[C@]2(C(=O)CO)O1
ZEUITGRIYCTCEM-KRWDZBQOSA-N,CNCC[C@H](Oc1cccc2ccccc12)c1cccs1
MNMGNPZLUMHSKK-UHFFFAOYSA-N,CC1C2Cc3ccc(O)cc3C1(C)CCN2CCc1ccccc1
PHIQHXFUZVPYII-ZCFIWIBFSA-N,C[N+](C)(C)C[C@H](O)CC(=O)[O-]
HYIMSNHJOBLJNT-UHFFFAOYSA-N,COC(=O)C1=C(C)NC(C)=C(C(=O)OC)C1c1ccccc1[N+](=O)[O-]
TXWBOBJCRVVBJF-YTGGZNJNSA-L,CC(=O)O[C@H]1C[C@@H]2CC[C@@H]3[C@H](CC[C@@]4(C)[C@H]3C[C@H](N3CC[N+](C)(C)CC3)[C@@H]4OC(C)=O)[C@@]2(C)C[C@@H]1N1CC[N+](C)(C)CC1
AZZMGZXNTDTSME-JUZDKLSSSA-M,CO/N=C(\C(=O)N[C@@H]1C(=O)N2C(C(=O)O)=C(COC(C)=O)CS[C@H]12)c1csc(N)n1
SXYZQZLHAIHKKY-GSTUPEFVSA-N,C[C@@H]1C[C@H]2[C@@H]3C[C@H](F)C4=CC(=O)C=C[C@]4(C)[C@@]3(Cl)[C@@H](O)C[C@]2(C)[C@H]1C(=O)COC(=O)C(C)(C)C
JTZQCHFUGHIPDF-RYVBEKKQSA-M,C[C@]12CCC(=O)C=C1C=C[C@@H]1[C@@H]2CC[C@@]2(C)[C@H]1CC[C@@]2(O)CCC(=O)O
GXRZIMHKGDIBEW-UHFFFAOYSA-N,C#CC1(OC(N)=O)CCCCC1
BMCQMVFGOVHVNG-TUFAYURCSA-N,CCCC(=O)O[C@]1(C(=O)CO)CC[C@H]2[C@@H]3CCC4=CC(=O)CC[C@]4(C)[C@H]3[C@@H](O)C[C@@]21C
SNPPWIUOZRMYNY-UHFFFAOYSA-N,CC(NC(C)(C)C)C(=O)c1cccc(Cl)c1
REQCZEXYDRLIBE-UHFFFAOYSA-N,CCN(CC)CCNC(=O)c1ccc(N)cc1
TUZYXOIXSAXUGO-PZAWKZKUSA-N,CC[C@H](C)C(=O)O[C@H]1C[C@H](O)C=C2C=C[C@H](C)[C@H](CC[C@@H](O)C[C@@H](O)CC(=O)O)[C@H]21
VMXUWOKSQNHOCA-UHFFFAOYSA-N,CNC(=C[N+](=O)[O-])NCCSCc1ccc(CN(C)C)o1
WNSDDGBLIALDPB-HTZKOJAYSA-N,C1CCN2C[C@H]3C[C@H](CN4CCCC[C@@H]34)[C@H]2C1
LMJSLTNSBFUCMU-UHFFFAOYSA-N,NS(=O)(=O)c1cc2c(cc1Cl)NC(C(Cl)Cl)NS2(=O)=O
UWWDHYUMIORJTA-HSQYWUDLSA-N,CCOC(=O)[C@H](CCc1ccccc1)N[C@@H](C)C(=O)N1Cc2cc(OC)c(OC)cc2C[C@H]1C(=O)O
GEPMAHVDJHFBJI-UHFFFAOYSA-N,CN(CCO)CC(O)Cn1cnc2c1c(=O)n(C)c(=O)n2C
DDHUTBKXLWCZCO-UHFFFAOYSA-N,COc1cc(Br)c(C[N+]2(CCOCCC3CCC4CC3C4(C)C)CCOCC2)cc1OC
LIAWQASKBFCRNR-UHFFFAOYSA-N,CCOc1ccc(NC(=O)CC(C)O)cc1
MWTBKTRZPHJQLH-UHFFFAOYSA-N,CN1CCC(=C2c3ccccc3CCn3c(C=O)cnc32)CC1
PIDSZXPFGCURGN-UHFFFAOYSA-N,CC(C(=O)O)c1ccc(N2CC=CC2)c(Cl)c1
BVPWJMCABCPUQY-UHFFFAOYSA-N,COc1cc(N)c(Cl)cc1C(=O)NC1CCN(Cc2ccccc2)CC1
SHIJTGJXUHTGGZ-RVXRQPKJSA-N,Fc1ccc([C@@H]2CCNC[C@H]2COc2ccc3c(c2)OCO3)cc1
RMHMFHUVIITRHF-UHFFFAOYSA-N,CN1CCN(CC(=O)N2c3ccccc3C(=O)Nc3cccnc32)CC1
YJQPYGGHQPGBLI-KGSXXDOSSA-N,CO[C@@H]1[C@@H](OC(N)=O)[C@@H](O)[C@H](Oc2ccc3c(O)c(NC(=O)c4ccc(O)c(CC=C(C)C)c4)c(=O)oc3c2C)OC1(C)C
PLIGPBGDXASWPX-UHFFFAOYSA-N,CN(C)CCCn1c2c(c3ccccc31)CCCCCC2
OVBPIULPVIDEAO-LBPRGKRZSA-N,Nc1nc2ncc(CNc3ccc(C(=O)N[C@@H](CCC(=O)O)C(=O)O)cc3)nc2c(=O)[nH]1
LDMWSLGGVTVJPG-UHFFFAOYSA-N,Cc1cc(-c2ccccc2)nnc1NCCN1CCOCC1
SKYZYDSNJIOXRL-BTQNPOSSSA-N,CN1CCc2cccc3c2[C@H]1Cc1ccc(O)c(O)c1-3
KKZJGLLVHKMTCM-UHFFFAOYSA-N,O=C1c2c(O)ccc(O)c2C(=O)c2c(NCCNCCO)ccc(NCCNCCO)c21
DTOUUUZOYKYHEP-UHFFFAOYSA-N,CCCCC(CC)CN1CN(CC(CC)CCCC)CC(C)(N)C1
OYVAGSVQBOHSSS-UAPAGMARSA-O,Cc1c(N)nc([C@H](CC(N)=O)NC[C@H](N)C(N)=O)nc1C(=O)N[C@H](C(=O)N[C@H](C)[C@@H](O)[C@H](C)C(=O)N[C@H](C(=O)NCCc1nc(-c2nc(C(=O)NCCC[S+](C)C)cs2)cs1)[C@@H](C)O)[C@@H](O[C@@H]1O[C@@H](CO)[C@@H](O)[C@H](O)[C@@H]1O[C@H]1O[C@H](CO)[C@@H](O)[C@H](OC(N)=O)[C@@H]1O)c1c[nH]cn1
DYWNLSQWJMTVGJ-UHFFFAOYSA-N,CC(N)C(O)c1ccccc1
LDEKQSIMHVQZJK-CAQYMETFSA-N,CC(C)OC(=O)[C@H](C)N[P@](=O)(CO[C@H](C)Cn1cnc2c(N)ncnc21)Oc1ccccc1
VRBKIVRKKCLPHA-UHFFFAOYSA-N,CCc1nn(CCCN2CCN(c3cccc(Cl)c3)CC2)c(=O)n1CCOc1ccccc1
WEQAYVWKMWHEJO-UHFFFAOYSA-N,CN1C(=O)CCS(=O)(=O)C1c1ccc(Cl)cc1
ISEHJSHTIVKELA-UHFFFAOYSA-N,CC(C)NC(C)Cc1ccc(I)cc1
WDZVGELJXXEGPV-YIXHJXPBSA-N,N=C(N)N/N=C/c1c(Cl)cccc1Cl
RYYVLZVUVIJVGH-UHFFFAOYSA-N,Cn1c(=O)c2c(ncn2C)n(C)c1=O
ZBBCUBMBMZNEME-QBGWIPKPSA-L,CC1(C)S[C@@H]2[C@H](NC(=O)[C@H](C(=O)O)c3ccsc3)C(=O)N2[C@H]1C(=O)O
LRVBSDMJFVZFHH-NFVAJSDSSA-J,CC1(C)C(/C=C/C2=C(Oc3ccc(C[C@H](NC(=O)c4ccc(NCc5cnc6nc(N)[nH]c(=O)c6n5)cc4)C(=O)O)cc3)/C(=C/C=C3\N(CCCCS(=O)(=O)O)c4ccc(S(=O)(=O)O)cc4C3(C)C)CCC2)=[N+](CCCCS(=O)(=O)O)c2ccc(S(=O)(=O)[O-])cc21
APKFDSVGJQXUKY-INPOYWNPSA-N,C[C@@H]1[C@H](O)[C@@H](C)/C=C/C=C/C=C/C=C/C=C/C=C/C=C/[C@H](O[C@@H]2O[C@H](C)[C@@H](O)[C@H](N)[C@@H]2O)C[C@@H]2O[C@](O)(C[C@@H](O)C[C@@H](O)[C@H](O)CC[C@@H](O)C[C@@H](O)CC(=O)O[C@H]1C)C[C@H](O)[C@H]2C(=O)O
PDWUPXJEEYOOTR-UHFFFAOYSA-N,N=C(N)NCc1cccc(I)c1
KOOAFHGJVIVFMZ-WZPXRXMFSA-M,CCCCCOc1ccc(-c2cc(-c3ccc(C(=O)N[C@H]4C[C@@H](O)[C@@H](O)NC(=O)[C@@H]5[C@@H](O)[C@@H](C)CN5C(=O)[C@H]([C@H](O)CC(N)=O)NC(=O)[C@H]([C@H](O)[C@@H](O)c5ccc(O)c(OS(=O)(=O)O)c5)NC(=O)[C@@H]5C[C@@H](O)CN5C(=O)[C@H]([C@@H](C)O)NC4=O)cc3)no2)cc1
CYWFCPPBTWOZSF-UHFFFAOYSA-N,CC(C)Cc1ccc(CC(=O)O)cc1
PKVZBNCYEICAQP-UHFFFAOYSA-N,CNC1(C)C2CCC(C2)C1(C)C
WRLGYAWRGXKSKG-UHFFFAOYSA-M,CCC1(c2ccccc2)C(=O)NC(=O)NC1=O
LOVMMUBRQUFEAH-UIEAZXIASA-N,O=C(CCC/C=C\C[C@@H]1[C@@H](CC[C@@H](O)CCc2ccccc2)[C@H](O)C[C@@H]1O)OCCCCO[N+](=O)[O-]
IYETZZCWLLUHIJ-UTONKHPSSA-N,C#CCN(C)[C@H](C)Cc1ccccc1
GPRBEKHLDVQUJE-QSWIMTSFSA-N,CO/N=C(\C(=O)N[C@@H]1C(=O)N2C(C(=O)O)=C(COC(C)=O)CS[C@H]12)c1csc(N)n1
VABCILAOYCMVPS-UHFFFAOYSA-N,CC(=O)CC(c1ccc([N+](=O)[O-])cc1)c1c(O)c2ccccc2oc1=O
AIUHRQHVWSUTGJ-UHFFFAOYSA-N,CC(=O)OCCN1CCN(CCCN2c3ccccc3Sc3ccc(Cl)cc32)CC1
PJJJBBJSCAKJQF-UHFFFAOYSA-N,N=C(N)N
HHZIURLSWUIHRB-UHFFFAOYSA-N,Cc1cn(-c2cc(NC(=O)c3ccc(C)c(Nc4nccc(-c5cccnc5)n4)c3)cc(C(F)(F)F)c2)cn1
RFKMCNOHBTXSMU-UHFFFAOYSA-N,COC(F)(F)C(Cl)Cl
ASUTZQLVASHGKV-JDFRZJQESA-N,COc1ccc2c3c1O[C@H]1C[C@@H](O)C=C[C@@]31CCN(C)C2
OLAOYPRJVHUHCF-UHFFFAOYSA-N,CC(=O)Nc1c(I)c(C(=O)O)c(I)c(C(=O)NCCO)c1I
ZQHFZHPUZXNPMF-UHFFFAOYSA-N,NC(N)=Nc1nc(CSCCN/C=N/S(=O)(=O)c2ccc(Br)cc2)cs1
QXLPXWSKPNOQLE-UHFFFAOYSA-N,C#CC(C)(O)CC
AUZONCFQVSMFAP-UHFFFAOYSA-N,CCN(CC)C(=S)SSC(=S)N(CC)CC
WUIABRMSWOKTOF-OYALTWQYSA-O,Cc1c(N)nc([C@H](CC(N)=O)NC[C@H](N)C(N)=O)nc1C(=O)N[C@H](C(=O)N[C@H](C)[C@@H](O)[C@H](C)C(=O)N[C@H](C(=O)NCCc1nc(-c2nc(C(=O)NCCC[S+](C)C)cs2)cs1)[C@@H](C)O)[C@@H](O[C@@H]1O[C@@H](CO)[C@@H](O)[C@H](O)[C@@H]1O[C@H]1O[C@H](CO)[C@@H](O)[C@H](OC(N)=O)[C@@H]1O)c1c[nH]cn1
YHXISWVBGDMDLQ-UHFFFAOYSA-N,O=C(NCCN1CCOCC1)c1ccc(Cl)cc1
VVDGWALACJEJKG-UHFFFAOYSA-N,CC(=O)NCc1c(I)c(NC(C)=O)c(I)c(C(=O)O)c1I
GZENKSODFLBBHQ-ILSZZQPISA-N,CC(=O)[C@H]1CC[C@H]2[C@@H]3C[C@H](C)C4=CC(=O)CC[C@]4(C)[C@H]3[C@@H](O)C[C@]12C
CAKRAHQRJGUPIG-UHFFFAOYSA-M,NCCCC(O)(P(=O)(O)O)P(=O)(O)O
USRHYDPUVLEVMC-FQEVSTJZSA-N,CN(C)[C@@H](CCOc1cccc2ccccc12)c1ccccc1
IHWFKDWIUSZLCJ-UHFFFAOYSA-M,CCOc1nc2cccc(C(=O)OCc3oc(=O)oc3C)c2n1Cc1ccc(-c2ccccc2-c2noc(=O)[nH]2)cc1
JGWRKYUXBBNENE-UHFFFAOYSA-N,FC(F)(F)c1ccc(CNc2ccc(Cc3c[nH]c4ncc(Cl)cc34)cn2)cn1
LPQZKKCYTLCDGQ-WEDXCCLWSA-N,C[C@]1(Cn2ccnn2)[C@H](C(=O)O)N2C(=O)C[C@H]2S1(=O)=O
VVIAGPKUTFNRDU-ABLWVSNPSA-N,Nc1nc2c(c(=O)[nH]1)N(C=O)C(CNc1ccc(C(=O)N[C@@H](CCC(=O)O)C(=O)O)cc1)CN2
JCKYGMPEJWAADB-UHFFFAOYSA-N,O=C(O)CCCc1ccc(N(CCCl)CCCl)cc1
TZRXHJWUDPFEEY-UHFFFAOYSA-N,O=[N+]([O-])OCC(CO[N+](=O)[O-])(CO[N+](=O)[O-])CO[N+](=O)[O-]
XDAOLTSRNUSPPH-XMMPIXPASA-N,C[C@]1(COc2ccc(N3CCC(Oc4ccc(OC(F)(F)F)cc4)CC3)cc2)Cn2cc([N+](=O)[O-])nc2O1
YDGHCKHAXOUQOS-BTJKTKAUSA-N,CC(CN(C)C)CN1c2ccccc2CCc2ccccc21
NLUFDZBOHMOBOE-UHFFFAOYSA-M,CCN(CC)c1ccc(C(=C2C=CC(=[N+](CC)CC)C=C2)c2cc(S(=O)(=O)O)ccc2S(=O)(=O)[O-])cc1
ZDIGNSYAACHWNL-UHFFFAOYSA-N,CN(C)CCC(c1ccc(Br)cc1)c1ccccn1
KEJCWVGMRLCZQQ-YJBYXUATSA-N,CO/N=C(\C(=O)N[C@@H]1C(=O)N2C(C(=O)OC(C)OC(C)=O)=C(COC(N)=O)CS[C@H]12)c1ccco1
JRRNZNSGDSFFIR-UHFFFAOYSA-M,C[N+]1(C)CCCC(OC(=O)C(O)(c2ccccc2)c2ccccc2)C1
BXKDSDJJOVIHMX-UHFFFAOYSA-N,CC[N+](C)(C)c1cccc(O)c1
WHBIGIKBNXZKFE-UHFFFAOYSA-N,CC(C)Nc1cccnc1N1CCN(C(=O)c2cc3cc(NS(C)(=O)=O)ccc3[nH]2)CC1
MRDBGMJEPGXQHJ-UHFFFAOYSA-N,C=CCNc1nc(NCC=C)nc(N2CCN(C(c3ccc(F)cc3)c3ccc(F)cc3)CC2)n1
KTUFKADDDORSSI-UHFFFAOYSA-N,CCCC(=O)Nc1ccc(OCC(O)CNC(C)C)c(C(C)=O)c1
MBBCVAKAJPKAKM-UHFFFAOYSA-N,O=C(NC1CCN(CCCCC2(C(=O)NCC(F)(F)F)c3ccccc3-c3ccccc32)CC1)c1ccccc1-c1ccc(C(F)(F)F)cc1
HDWIHXWEUNVBIY-UHFFFAOYSA-N,NS(=O)(=O)c1cc2c(cc1C(F)(F)F)NC(Cc1ccccc1)NS2(=O)=O
KJADKKWYZYXHBB-XBWDGYHZSA-N,CC1(C)O[C@@H]2[C@@H](CO[C@@]3(COS(N)(=O)=O)OC(C)(C)O[C@@H]23)O1
QWAXKHKRTORLEM-UGJKXSETSA-N,CC(C)(C)NC(=O)[C@@H]1C[C@@H]2CCCC[C@@H]2CN1C[C@@H](O)[C@H](Cc1ccccc1)NC(=O)[C@H](CC(N)=O)NC(=O)c1ccc2ccccc2n1
SGTNSNPWRIOYBX-UHFFFAOYSA-N,COc1ccc(CCN(C)CCCC(C#N)(c2ccc(OC)c(OC)c2)C(C)C)cc1OC
IOYZYMQFUSNATM-UHFFFAOYSA-N,CCCCCCCCCCCCCCCC[N+](C)(C)CCN(Cc1ccc(OC)cc1)c1ncccn1
YQNQNVDNTFHQSW-UHFFFAOYSA-N,CC(=O)Oc1ccccc1C(=O)Nc1ncc([N+](=O)[O-])s1
XIURVHNZVLADCM-IUODEOHRSA-N,CC(=O)OCC1=C(C(=O)O)N2C(=O)[C@@H](NC(=O)Cc3cccs3)[C@H]2SC1
LRJOMUJRLNCICJ-JZYPGELDSA-N,CC(=O)OCC(=O)[C@@]1(O)CC[C@H]2[C@@H]3CCC4=CC(=O)C=C[C@]4(C)[C@H]3[C@@H](O)C[C@@]21C
BTFMCMVEUCGQDX-UHFFFAOYSA-N,CC(=O)c1ccc2c(c1)N(CCCN1CCC(CCO)CC1)c1ccccc1S2
KSGXQBZTULBEEQ-UHFFFAOYSA-N,CCCCCCOC(=O)NC(=N)c1ccc(NCc2nc3cc(C(=O)N(CCC(=O)OCC)c4ccccn4)ccc3n2C)cc1
PRZXEPJJHQYOGF-GNAZCLTHSA-N,CC[C@@H]1C(=O)OC[C@@H]1Cc1cncn1C
IMONTRJLAWHYGT-ZCPXKWAGSA-N,C#C[C@]1(OC(C)=O)CC[C@H]2[C@@H]3CCC4=CC(=O)CC[C@@H]4[C@H]3CC[C@@]21C
DALKLAYLIPSCQL-YPYQNWSCSA-N,CCC(=O)O[C@]1(C(=O)COC(C)=O)CC[C@H]2[C@@H]3C[C@H](C)C4=CC(=O)C=C[C@]4(C)[C@H]3[C@@H](O)C[C@@]21C
WMSYWJSZGVOIJW-ONUALHDOSA-L,COc1cc2c(cc1OC)[C@@H](Cc1cc(OC)c(OC)c(OC)c1)[N+](C)(CCCOC(=O)CC/C=C/CCC(=O)OCCC[N+]1(C)CCc3cc(OC)c(OC)cc3[C@H]1Cc1cc(OC)c(OC)c(OC)c1)CC2
BLJRIMJGRPQVNF-JTQLQIEISA-N,CC(C)(C)NC[C@H](O)COc1nsnc1N1CCOCC1
NEUSVAOJNUQRTM-UHFFFAOYSA-N,CCCCCCCCCCCCCCCC[n+]1ccccc1
ATALOFNDEOCMKK-OITMNORJSA-N,C[C@@H](O[C@H]1OCCN(Cc2n[nH]c(=O)[nH]2)[C@H]1c1ccc(F)cc1)c1cc(C(F)(F)F)cc(C(F)(F)F)c1
UVKZSORBKUEBAZ-UHFFFAOYSA-N,CN1CCN(C(c2ccccc2)c2ccccc2)CC1
YHKBUDZECQDYBR-UHFFFAOYSA-L,CN(CCCCCCCCCCN(C)C(=O)Oc1cccc([N+](C)(C)C)c1)C(=O)Oc1cccc([N+](C)(C)C)c1
IOVGROKTTNBUGK-UHFFFAOYSA-N,CC(NCCc1ccc(O)cc1)C(O)c1ccc(O)cc1
KVWNWTZZBKCOPM-UHFFFAOYSA-M,CC[N+](C)(C)Cc1ccccc1Br
DLGOEMSEDOSKAD-UHFFFAOYSA-N,O=NN(CCCl)C(=O)NCCCl
CXBMCYHAMVGWJQ-UHFFFAOYSA-N,CC(C)=CC1C(C(=O)OCN2C(=O)C3=C(CCCC3)C2=O)C1(C)C
GLFDLEXFOHUASB-UHFFFAOYSA-N,CCCCCCCCCCCCCC[N+](C)(C)C
WDZCUPBHRAEYDL-GZAUEHORSA-N,CO[C@H]1/C=C/O[C@@]2(C)Oc3c(C)c(O)c4c(O)c(c(/C=N/N5CCN(C6CCCC6)CC5)c(O)c4c3C2=O)NC(=O)/C(C)=C\C=C\[C@H](C)[C@H](O)[C@@H](C)[C@@H](O)[C@@H](C)[C@H](OC(C)=O)[C@@H]1C
IDYZIJYBMGIQMJ-UHFFFAOYSA-N,CCn1cc(C(=O)O)c(=O)c2cc(F)c(N3CCNCC3)nc21
OIRDTQYFTABQOQ-KQYNXXCUSA-N,Nc1ncnc2c1ncn2[C@@H]1O[C@H](CO)[C@@H](O)[C@H]1O
GIYXAJPCNFJEHY-UHFFFAOYSA-N,CNCCC(Oc1ccc(C(F)(F)F)cc1)c1ccccc1
STUWGJZDJHPWGZ-LBPRGKRZSA-N,Cc1nc(NC(=O)N2CCC[C@H]2C(N)=O)sc1-c1ccnc(C(C)(C)C(F)(F)F)c1
DOMXUEMWDBAQBQ-WEVVVXLNSA-N,CN(C/C=C/C#CC(C)(C)C)Cc1cccc2ccccc12
MDTNUYUCUYPIHE-UHFFFAOYSA-N,Cc1cc2c(cc1CC(=O)c1sccc1S(=O)(=O)Nc1onc(C)c1Cl)OCO2
YFGHCGITMMYXAQ-UHFFFAOYSA-N,NC(=O)C[S+]([O-])C(c1ccccc1)c1ccccc1
XVDFMHARQUBJRE-UHFFFAOYSA-N,CNCCc1ccccn1
NUZWLKWWNNJHPT-UHFFFAOYSA-N,O=C1c2c(O)cccc2Cc2cccc(O)c21
QYZRTBKYBJRGJB-UHFFFAOYSA-N,CN1C2CCCC1CC(NC(=O)c1nn(C)c3ccccc13)C2
AFCGFAGUEYAMAO-UHFFFAOYSA-N,CC(=O)NCCCS(=O)(=O)O
UHTHHESEBZOYNR-UHFFFAOYSA-N,COc1cc2c(Nc3ccc(Br)cc3F)ncnc2cc1OCC1CCN(C)CC1
VWVSBHGCDBMOOT-IIEHVVJPSA-N,C[C@@H]1C[C@H]2[C@@H]3CCC4=CC(=O)C=C[C@]4(C)[C@@]3(F)[C@@H](O)C[C@]2(C)[C@H]1C(=O)CO
XTZNCVSCVHTPAI-UHFFFAOYSA-N,OCc1cc(C(O)CNCCCCCCOCCCCc2ccccc2)ccc1O
WTDRDQBEARUVNC-LURJTMIESA-N,N[C@@H](Cc1ccc(O)c(O)c1)C(=O)O
PPTYJKAXVCCBDU-UHFFFAOYSA-N,CN1C(=O)CN=C(c2ccccc2F)c2cc([N+](=O)[O-])ccc21
QHMWCHQXCUNUAK-UHFFFAOYSA-N,Fc1ccc(C(c2ccccc2)(c2ccccc2F)n2ccnc2)cc1
JXLYSJRDGCGARV-CFWMRBGOSA-N,CC[C@]1(O)C[C@@H]2CN(CCc3c([nH]c4ccccc34)[C@@](C(=O)OC)(c3cc4c(cc3OC)N(C)[C@H]3[C@@](O)(C(=O)OC)[C@H](OC(C)=O)[C@]5(CC)C=CCN6CC[C@]43[C@@H]65)C2)C1
GKQPCPXONLDCMU-CCEZHUSRSA-N,CCOC(=O)C1=C(C)NC(C)=C(C(=O)OCC)C1c1ccccc1/C=C/C(=O)OC(C)(C)C
FELGMEQIXOGIFQ-UHFFFAOYSA-N,Cc1nccn1CC1CCc2c(c3ccccc3n2C)C1=O
ZDZOTLJHXYCWBA-VCVYQWHSSA-N,CC(=O)O[C@@]12CO[C@@H]1C[C@H](O)[C@@]1(C)C(=O)[C@H](O)C3=C(C)[C@@H](OC(=O)[C@H](O)[C@@H](NC(=O)OC(C)(C)C)c4ccccc4)C[C@@](O)([C@@H](OC(=O)c4ccccc4)[C@H]21)C3(C)C
MJIHNNLFOKEZEW-RUZDIDTESA-N,Cc1c(OCC(F)(F)F)ccnc1C[S@@+]([O-])c1nc2ccccc2[nH]1
UJLAWZDWDVHWOW-YPMHNXCESA-N,C[C@@H]1CCN(C(=O)CC#N)C[C@@H]1N(C)c1ncnc2[nH]ccc12
DQJDBUPLRMRBAB-WZTVWXICSA-N,O=C(O)c1ccc2nc(-c3cc(Cl)cc(Cl)c3)oc2c1
HTMIBDQKFHUPSX-UHFFFAOYSA-N,CN1CCC(CN2c3ccccc3Sc3ccccc32)C1
DOQPXTMNIUCOSY-UHFFFAOYSA-N,COc1ccc(CCN(C)CCCC(C#N)(c2ccc(OC)c(OC)c2)C(C)C)cc1OC
FHFYDNQZQSQIAI-UHFFFAOYSA-N,CCn1cc(C(=O)O)c(=O)c2cc(F)c(N3CCN(C)CC3)cc21
IDDIJAWJANBQLJ-UHFFFAOYSA-N,CC(=O)N(O)CCCCCNC(=O)CCC(=O)N(O)CCCCCNC(=O)CCC(=O)N(O)CCCCCN
SYLKGLMBLAAGSC-QLVMHMETSA-N,NC(=O)c1cc[n+](CC2=C(C(=O)[O-])N3C(=O)[C@@H](NC(=O)[C@@H](c4ccccc4)S(=O)(=O)O)[C@H]3SC2)cc1
OCYSGIYOVXAGKQ-FVGYRXGTSA-N,CNC[C@H](O)c1cccc(O)c1
QTGIAADRBBLJGA-UHFFFAOYSA-N,CCCNC(C)C(=O)Nc1c(C)csc1C(=O)OC
BCFGMOOMADDAQU-UHFFFAOYSA-N,CS(=O)(=O)CCNCc1ccc(-c2ccc3ncnc(Nc4ccc(OCc5cccc(F)c5)c(Cl)c4)c3c2)o1
ZBMZVLHSJCTVON-UHFFFAOYSA-N,CC(C)NCC(O)c1ccc(NS(C)(=O)=O)cc1
GMTYREVWZXJPLF-SXWPHCFWSA-N,Oc1ccc2c(c1)[C@@]13CCCC[C@@]1(O)[C@@H](C2)N(CC1CCC1)CC3
ZGXJTSGNIOSYLO-UHFFFAOYSA-N,NCC(=O)CCC(=O)O
NHUHCSRWZMLRLA-UHFFFAOYSA-N,Cc1noc(NS(=O)(=O)c2ccc(N)cc2)c1C
QMTKNJZIWGTNTE-LMOVPXPDSA-N,COC(=O)CC[C@@H]1N=C(c2ccccn2)c2cc(Br)ccc2-n2c(C)cnc21
RPLOPBHEZLFENN-HTMVYDOJSA-M,O=C(O)CCC(=O)OC[C@@H](NC(=O)C(Cl)Cl)[C@H](O)c1ccc([N+](=O)[O-])cc1
QCGUSIANLFXSGE-GFCCVEGCSA-N,Cn1nnc(-c2ccc(-c3ccc(N4C[C@H](COP(=O)(O)O)OC4=O)cc3F)cn2)n1
YETWCSLOYUZBLK-JITBQSAISA-N,CN(C)CC(c1ccc(O)cc1)C1(O)CCCCC1
ZSBOMTDTBDDKMP-OAHLLOKOSA-N,Cn1c(=O)cc(N2CCC[C@@H](N)C2)n(Cc2ccccc2C#N)c1=O
GNXFOGHNGIVQEH-UHFFFAOYSA-N,COc1ccccc1OCC(O)COC(N)=O
NFCRBQADEGXVDL-UHFFFAOYSA-M,CCCCCCCCCCCCCCCC[n+]1ccccc1
VNGRUFUIHGGOOM-UHFFFAOYSA-N,Cc1ccc(Sc2ccccc2N2CCNCC2)c(C)c1
XLBIBBZXLMYSFF-UHFFFAOYSA-M,CC(C)[N+](C)(CCOC(=O)C1c2ccccc2Oc2ccccc21)C(C)C
RAPZEAPATHNIPO-UHFFFAOYSA-N,Cc1nc2n(c(=O)c1CCN1CCC(c3noc4cc(F)ccc34)CC1)CCCC2
DRLLEHPFGRESBT-UHFFFAOYSA-N,CC(=O)OCCN1CCN(CCCN2c3ccccc3Sc3ccc(Cl)cc32)CC1
TZXKOCQBRNJULO-UHFFFAOYSA-N,Cc1c(O)c(=O)ccn1C
HYPPXZBJBPSRLK-UHFFFAOYSA-N,CCOC(=O)C1(c2ccccc2)CCN(CCC(C#N)(c2ccccc2)c2ccccc2)CC1
VILCJCGEZXAXTO-UHFFFAOYSA-N,NCCNCCNCCN
HHHKFGXWKKUNCY-FHWLQOOXSA-N,CCOC(=O)[C@H](CCc1ccccc1)N[C@H]1CCCN2CCC[C@@H](C(=O)O)N2C1=O
WRONACHIHQGZSD-UHFFFAOYSA-N,CCN(C)C(C)C(O)c1ccccc1
XAUTYMZTJWXZHZ-UHFFFAOYSA-K,CNC(=C[N+](=O)[O-])NCCSCc1ccc(CN(C)C)o1
CGJRLPRCWSHOFU-UHFFFAOYSA-N,COc1ccnc(C[S+]([O-])c2nc3cc(OC(F)F)ccc3[nH]2)c1OC
VUFGUVLLDPOSBC-XRZFDKQNSA-M,CC(=O)OCC1=C(C(=O)O)N2C(=O)[C@@H](NC(=O)Cc3cccs3)[C@H]2SC1
ICFXZZFWRWNZMA-UHFFFAOYSA-N,CCN(CC)C(C)C(=O)c1ccccc1
PWKSKIMOESPYIA-BYPYZUCNSA-N,CC(=O)N[C@@H](CS)C(=O)O
RCQXSQPPHJPGOF-UHFFFAOYSA-N,Cn1c(=O)c2c(ncn2C)n(C)c1=O
QQDRLKRHJOAQDC-FBHGDYMESA-N,Cc1ccc(C(=O)OCc2ccc([C@@H](CN)C(=O)Nc3ccc4cnccc4c3)cc2)c(C)c1
SZLZWPPUNLXJEA-QEGASFHISA-N,COC(=O)[C@H]1[C@H]2C[C@@H]3c4[nH]c5cc(OC)ccc5c4CCN3C[C@H]2C[C@@H](OC(=O)/C=C/c2cc(OC)c(OC)c(OC)c2)[C@@H]1OC
YVNAYSHNIILOJS-UHFFFAOYSA-N,CCN(CC)Cc1cc(Nc2ccnc3cc(Cl)ccc23)ccc1O
PJVWKTKQMONHTI-UHFFFAOYSA-N,CC(=O)CC(c1ccccc1)c1c(O)c2ccccc2oc1=O
RDUHXGIIUDVSHR-UHFFFAOYSA-N,CCCCNCC(O)c1ccc(O)cc1
QXPBTTUOVWMPJN-QBNHLFMHSA-M,CC1(C)C[C@@H]1C(=O)N/C(=C\CCCCSC[C@H](N)C(=O)O)C(=O)O
RQTOOFIXOKYGAN-UHFFFAOYSA-N,CCCc1c2oc(C(=O)O)cc(=O)c2cc2c(=O)cc(C(=O)O)n(CC)c12
PRZJIMSXCLZGLT-UHFFFAOYSA-M,Nc1ccc(C(=O)O)c(O)c1
VDJHFHXMUKFKET-WDUFCVPESA-N,C/C=C(/C)C(=O)O[C@H]1C(C)=C[C@]23C(=O)[C@@H](C=C(CO)[C@@H](O)[C@]12O)[C@H]1[C@@H](C[C@H]3C)C1(C)C
GFBKORZTTCHDGY-UWVJOHFNSA-N,CN1CCN(CC/C=C2/c3ccccc3Sc3ccc(S(=O)(=O)N(C)C)cc32)CC1
HOZOZZFCZRXYEK-GSWUYBTGSA-M,CCCC[N+]1(C)[C@@H]2C[C@@H](OC(=O)[C@H](CO)c3ccccc3)C[C@H]1[C@@H]1O[C@@H]12
AMKVXSZCKVJAGH-UHFFFAOYSA-N,CNS(=O)(=O)CCc1ccc2[nH]cc(C3CCN(C)CC3)c2c1
GNOGSFBXBWBTIG-UHFFFAOYSA-N,CC(=O)Nc1c(I)cc(I)c(C(=O)O)c1I
JALHGCPDPSNJNY-UHFFFAOYSA-N,CC(=O)Oc1cc2c(s1)CCN(C(C(=O)C1CC1)c1ccccc1F)C2
LEZWWPYKPKIXLL-UHFFFAOYSA-N,Clc1ccc(COC(Cn2ccnc2)c2ccc(Cl)cc2Cl)cc1
GJOHLWZHWQUKAU-UHFFFAOYSA-N,COc1cc(NC(C)CCCN)c2ncccc2c1
MQJKPEGWNLWLTK-UHFFFAOYSA-N,Nc1ccc(S(=O)(=O)c2ccc(N)cc2)cc1
AAOVKJBEBIDNHE-UHFFFAOYSA-N,CN1C(=O)CN=C(c2ccccc2)c2cc(Cl)ccc21
OUJTZYPIHDYQMC-LJQANCHMSA-N,COC(c1ccccc1)(c1ccccc1)[C@H](Oc1nc(C)cc(C)n1)C(=O)O
RTCIKUMODPANKX-JBUOLDKXSA-M,NC(=O)[C@@H]1CC[C@@H]2CN1C(=O)N2OS(=O)(=O)O
KRCQSTCYZUOBHN-UHFFFAOYSA-N,COCCCOc1ccnc(C[S+]([O-])c2nc3ccccc3[nH]2)c1C
QHMBSVQNZZTUGM-ZWKOTPCHSA-N,C=C(C)[C@@H]1CCC(C)=C[C@H]1c1c(O)cc(CCCCC)cc1O
HQPVVKXJNZEAFW-UHFFFAOYSA-M,CCC(=O)NS(=O)(=O)c1ccc(-c2c(-c3ccccc3)noc2C)cc1
KQKPFRSPSRPDEB-UHFFFAOYSA-N,CNS(=O)(=O)Cc1ccc2[nH]cc(CCN(C)C)c2c1
NUKYPUAOHBNCPY-UHFFFAOYSA-N,Nc1ccncc1
SOROUYSPFADXSN-SUWVAFIASA-N,CC1(C)S[C@@H]2[C@H](NC(=O)[C@H](N)c3ccccc3)C(=O)N2[C@H]1C(=O)OC1OC(=O)c2ccccc21
SOYKEARSMXGVTM-HNNXBMFYSA-N,CN(C)CC[C@@H](c1ccc(Cl)cc1)c1ccccn1
KHLVKKOJDHCJMG-QDBORUFSSA-L,O=C1/C(=C2\Nc3ccc(S(=O)(=O)O)cc3C2=O)Nc2ccc(S(=O)(=O)O)cc21
PJMPHNIQZUBGLI-UHFFFAOYSA-N,CCC(=O)N(c1ccccc1)C1CCN(CCc2ccccc2)CC1
PWACSDKDOHSSQD-IUTFFREVSA-N,Cc1ccc(/C(=C\CN2CCCC2)c2cccc(/C=C/C(=O)O)n2)cc1
ZRIHAIZYIMGOAB-UHFFFAOYSA-N,CCC(C)C1(CC)C(=O)NC(=O)NC1=O
NRNCYVBFPDDJNE-UHFFFAOYSA-N,NC1=NC(=O)C(c2ccccc2)O1
LOVXREQUMZKFCM-UHFFFAOYSA-N,CC(Cc1ccc2c(c1)OCO2)NCC(O)c1ccc(O)c(O)c1
QFWPJPIVLCBXFJ-UHFFFAOYSA-N,COCCOc1cnc(NS(=O)(=O)c2ccccc2)nc1
NXNSCUZKMVYAJQ-UHFFFAOYSA-N,CC(C)NCCCC1(C(N)=O)c2ccccc2-c2ccccc21
AUNGANRZJHBGPY-SCRDCRAPSA-N,Cc1cc2nc3c(=O)[nH]c(=O)nc-3n(C[C@H](O)[C@H](O)[C@H](O)CO)c2cc1C
MOYGZHXDRJNJEP-UHFFFAOYSA-N,CC(C)(C)c1ccc(CN2CCN(C(c3ccccc3)c3ccc(Cl)cc3)CC2)cc1
OPGSFDUODIJJGF-JBUZINEHSA-N,CC1/C=C/C=C/C=C/C=C/C=C/C=C/C=C/C(OC2O[C@H](C)[C@@H](O)[C@H](N)[C@@H]2O)CC(O)C(C(=O)O)C(O)CC(=O)CC(O)CC(O)CC(O)CC(=O)CCCC(=O)CC(=O)OC1C(C)CC(C)C(O)CC(=O)c1ccc(N)cc1
CPZBLNMUGSZIPR-NVXWUHKLSA-N,O=C1c2cccc3c2[C@H](CCC3)CN1[C@@H]1CN2CCC1CC2
YHJDZIQOCSDIQU-OEDJVVDHSA-N,CC1=C(C(=O)O)N2C(=O)[C@@H](NC(=O)[C@H](N)c3ccccc3)[C@H]2SC1
ALYNCZNDIQEVRV-UHFFFAOYSA-N,Nc1ccc(C(=O)O)cc1
OURRXQUGYQRVML-AREMUKBSSA-N,Cc1ccc(C(=O)OCc2ccc([C@@H](CN)C(=O)Nc3ccc4cnccc4c3)cc2)c(C)c1
MGSRCZKZVOBKFT-UHFFFAOYSA-N,Cc1ccc(C(C)C)c(O)c1
GGCSSNBKKAUURC-UHFFFAOYSA-N,CCC(=O)N(c1ccccc1)C1(COC)CCN(CCc2cccs2)CC1
GWOFUCIGLDBNKM-UHFFFAOYSA-N,O=C(OCC(O)CO)c1ccccc1Nc1ccnc2cc(Cl)ccc12
BJORNXNYWNIWEY-UHFFFAOYSA-N,c1ccc2c(c1)CCCC2C1=NCCN1
RXZBMPWDPOLZGW-XMRMVWPWSA-N,CC[C@H]1OC(=O)[C@H](C)[C@@H](O[C@H]2C[C@@](C)(OC)[C@@H](O)[C@H](C)O2)[C@H](C)[C@@H](O[C@@H]2O[C@H](C)C[C@H](N(C)C)[C@H]2O)[C@](C)(O)C[C@@H](C)/C(=N\OCOCCOC)[C@H](C)[C@@H](O)[C@]1(C)O
ARHWPKZXBHOEEE-UHFFFAOYSA-N,C=CCOc1ccc(CC(=O)O)cc1Cl
WREGKURFCTUGRC-POYBYMJQSA-N,Nc1ccn([C@H]2CC[C@@H](CO)O2)c(=O)n1
KTEIFNKAUNYNJU-GFCCVEGCSA-N,C[C@@H](Oc1cc(-c2cnn(C3CCNCC3)c2)cnc1N)c1c(Cl)ccc(F)c1Cl
NBDQGOCGYHMDSJ-NRFPMOEYSA-M,O=C(O)C[C@H](O)C[C@H](O)/C=C/c1c(C2CC2)nc2ccccc2c1-c1ccc(F)cc1
VCKUSRYTPJJLNI-UHFFFAOYSA-N,COc1cc2nc(N3CCN(C(=O)C4CCCO4)CC3)nc(N)c2cc1OC
FJLGEFLZQAZZCD-VAWYXSNFSA-N,CC(C)n1c(/C=C/C(O)CC(O)CC(=O)O)c(-c2ccc(F)cc2)c2ccccc21
MLBVMOWEQCZNCC-OEMFJLHTSA-N,CC(C)CN(C[C@@H](OP(=O)(O)O)[C@H](Cc1ccccc1)NC(=O)O[C@H]1CCOC1)S(=O)(=O)c1ccc(N)cc1
QRSPJBLLJXVPDD-XFAPPKAWSA-M,CC1(C)S[C@@H]2[C@H](N3C(=O)[C@@H](c4ccccc4)NC3(C)C)C(=O)N2[C@H]1C(=O)O
ORZHZQZYWXEDDL-UHFFFAOYSA-N,CC(C)(O)CNc1nc(Nc2ccnc(C(F)(F)F)c2)nc(-c2cccc(C(F)(F)F)n2)n1
FYMHQCNFKNMJAV-HOTGVXAUSA-N,N#Cc1c(N2C[C@@H]3NCCO[C@H]3C2)c(F)cc2c(=O)c(C(=O)O)cn(C3CC3)c12
QHJLLDJTVQAFAN-UHFFFAOYSA-M,Cc1ccc(Cl)c(Nc2ccccc2C(=O)O)c1Cl
WTWWXOGTJWMJHI-UHFFFAOYSA-N,FC(F)(F)C(F)(F)C(F)(F)C(F)(F)C(F)(F)C(F)(F)C(F)(F)C(F)(F)Br
CNBGNNVCVSKAQZ-UHFFFAOYSA-N,CN(C)CCCOc1nn(Cc2ccccc2)c2ccccc12
BCEHBSKCWLPMDN-MGPLVRAMSA-N,C[C@@H](c1ncncc1F)[C@](O)(Cn1cncn1)c1ccc(F)cc1F
NOJMTMIRQRDZMT-GSPXQYRGSA-N,CC(C)C[C@H]1C(=O)N2CCC[C@H]2[C@]2(O)O[C@](NC(=O)[C@@H]3C=C4c5cccc6[nH]c(Br)c(c56)C[C@H]4N(C)C3)(C(C)C)C(=O)N12
CQRKVVAGMJJJSR-UHFFFAOYSA-N,C[N+]1(C)CCCC1COC(=O)C(O)(c1ccccc1)c1ccccc1
YBJHBAHKTGYVGT-ZKWXMUAHSA-N,O=C(O)CCCC[C@@H]1SC[C@@H]2NC(=O)N[C@@H]21
XBPZXDSZHPDXQU-UHFFFAOYSA-N,CCn1cc(C(=O)O)c(=O)c2ccc(-c3ccncc3)cc21
RNAICSBVACLLGM-GNAZCLTHSA-N,CC[C@@H]1C(=O)OC[C@@H]1Cc1cncn1C
TXKOGNLDVKUFSI-WZTVWXICSA-N,CC(=O)Nc1c(I)c(C(=O)O)c(I)c(N(C)C(C)=O)c1I
ISWRGOKTTBVCFA-UHFFFAOYSA-N,Cc1ccc(=O)n(-c2ccccc2)c1
PYAOPMWCFSVFOT-UHFFFAOYSA-N,Sc1ncnc2[nH]ncc12
YOZBGTLTNGAVFU-UHFFFAOYSA-N,Cc1nc(C(=O)NCC(=O)O)c(O)c2ccc(Oc3ccccc3)cc12
QUIJNHUBAXPXFS-XLJNKUFUSA-N,COc1nc2ccc(Br)cc2cc1[C@@H](c1ccccc1)[C@@](O)(CCN(C)C)c1cccc2ccccc12
GUTXTARXLVFHDK-UHFFFAOYSA-N,CCCCCCCCCC(=O)OC1(c2ccc(Cl)cc2)CCN(CCCC(=O)c2ccc(F)cc2)CC1
AHEVKYYGXVEWNO-UEPZRUIBSA-N,CN(C)[C@@H]1C(=O)C(C(=O)NCNCCCC[C@H](N)C(=O)O)C(=O)[C@@]2(O)C(=O)C3C(=O)c4c(O)cccc4[C@@](C)(O)[C@H]3C[C@@H]12
GMVPRGQOIOIIMI-DWKJAMRDSA-N,CCCCC[C@H](O)/C=C/[C@H]1[C@H](O)CC(=O)[C@@H]1CCCCCCC(=O)O
VVNCNSJFMMFHPL-VKHMYHEASA-N,CC(C)(S)[C@@H](N)C(=O)O
JOATXPAWOHTVSZ-UHFFFAOYSA-N,CCN(CC)C(=O)Nc1ccc(OCC(O)CNC(C)(C)C)c(C(C)=O)c1
CXOXHMZGEKVPMT-UHFFFAOYSA-N,CN1C(=O)CC(=O)N(c2ccccc2)c2cc(Cl)ccc21
ZYGHJZDHTFUPRJ-UHFFFAOYSA-N,O=c1ccc2ccccc2o1
VKHAHZOOUSRJNA-GCNJZUOMSA-N,CC#C[C@]1(O)CC[C@H]2[C@@H]3CCC4=CC(=O)CCC4=C3[C@@H](c3ccc(N(C)C)cc3)C[C@@]21C
OTBXOEAOVRKTNQ-UHFFFAOYSA-N,O=C1CN2Cc3c(ccc(Cl)c3Cl)N=C2N1
UBWXUGDQUBIEIZ-QNTYDACNSA-N,C[C@]12CC[C@H]3[C@@H](CCC4=CC(=O)CC[C@@H]43)[C@@H]1CC[C@@H]2OC(=O)CCc1ccccc1
XEEQGYMUWCZPDN-UHFFFAOYSA-N,OC(c1cc(C(F)(F)F)nc2c(C(F)(F)F)cccc12)C1CCCCN1
RETIMRUQNCDCQB-UHFFFAOYSA-N,Cc1cccc(C)c1NC(=O)C1CCCCN1C
XDZKBRJLTGRPSS-BGZQYGJUSA-N,CO/N=C(\C(=O)N[C@@H]1C(=O)N2C(C(=O)O)=C(CSc3nc(C)c(CC(=O)O)s3)CS[C@H]12)c1csc(N)n1
PURKAOJPTOLRMP-UHFFFAOYSA-N,CC(C)(C)c1cc(C(C)(C)C)c(NC(=O)c2c[nH]c3ccccc3c2=O)cc1O
IROWCYIEJAOFOW-UHFFFAOYSA-N,CC(C)NCC(O)c1ccc(O)c(O)c1
SFNSLLSYNZWZQG-VQIMIIECSA-N,CN1CC[C@@H](NC(=O)Nc2ccc(C#N)cc2)C[C@@H]1c1nc2ccccc2[nH]1
OZBDFBJXRJWNAV-UHFFFAOYSA-N,CC(N)C12CC3CC(CC(C3)C1)C2
AKUJBENLRBOFTD-QZIXMDIESA-N,CC(=O)OCC(=O)[C@@]1(O)[C@@H](C)C[C@H]2[C@@H]3CCC4=CC(=O)C=C[C@]4(C)[C@@]3(F)[C@@H](O)C[C@@]21C
CSKDFZIMJXRJGH-VWLPUNTISA-N,O=C(NN1C(=O)[C@@H]2[C@@H]3C=C[C@@H]([C@H]4C[C@@H]34)[C@@H]2C1=O)c1ccc(C(F)(F)F)cc1
CMJCXYNUCSMDBY-ZDUSSCGKSA-N,COC(=O)N[C@@H](C)CNc1nccc(-c2cn(C(C)C)nc2-c2cc(Cl)cc(NS(C)(=O)=O)c2F)n1
DKNWSYNQZKUICI-UHFFFAOYSA-N,NC12CC3CC(CC(C3)C1)C2
GKNPSSNBBWDAGH-UHFFFAOYSA-N,C[N+]1(C)CCCC(OC(=O)C(O)(c2ccccc2)c2ccccc2)C1
GBLRQXKSCRCLBZ-UHFFFAOYSA-N,COc1cc(CC2c3c(cc(OC)c(OC)c3OC)CC[N+]2(C)CCCOC(=O)CCC(=O)OCCC[N+]2(C)CCc3cc(OC)c(OC)c(OC)c3C2Cc2cc(OC)c(OC)c(OC)c2)cc(OC)c1OC
JGSARLDLIJGVTE-MBNYWOFBSA-N,CC1(C)S[C@@H]2[C@H](NC(=O)Cc3ccccc3)C(=O)N2[C@H]1C(=O)O
VJZLQIPZNBPASX-OJJGEMKLSA-L,C[C@]12C=CC(=O)C=C1CC[C@@H]1[C@@H]2[C@@H](O)C[C@@]2(C)[C@H]1CC[C@]2(O)C(=O)COP(=O)(O)O
QQBPIHBUCMDKFG-GEEYTBSJSA-N,Nc1ccc(/N=N/c2ccccc2)c(N)n1
FNYQZOVOVDSGJH-UHFFFAOYSA-N,Cc1[nH]cnc1CN1CCc2c(c3ccccc3n2C)C1=O
KGFYHTZWPPHNLQ-AWEZNQCLSA-N,O=C(NC[C@H]1CN(c2ccc(N3CCOCC3=O)cc2)C(=O)O1)c1ccc(Cl)s1
KORNTPPJEAJQIU-KJXAQDMKSA-N,C=CCN1C[C@H](C(=O)N(CCCN(C)C)C(=O)NCC)C[C@@H]2c3cccc4[nH]cc(c34)C[C@H]21
APADFLLAXHIMFU-UHFFFAOYSA-L,COc1cc(CC2c3c(cc(OC)c(OC)c3OC)CC[N+]2(C)CCCOC(=O)CCC(=O)OCCC[N+]2(C)CCc3cc(OC)c(OC)c(OC)c3C2Cc2cc(OC)c(OC)c(OC)c2)cc(OC)c1OC
HJBWBFZLDZWPHF-UHFFFAOYSA-N,CNC(=O)c1ccc(N2C(=S)N(c3cnc(C#N)c(C(F)(F)F)c3)C(=O)C23CCC3)cc1F
LPMXVESGRSUGHW-HBYQJFLCSA-N,C[C@@H]1O[C@@H](O[C@H]2C[C@@H](O)[C@]3(CO)[C@H]4[C@H](O)C[C@]5(C)[C@@H](C6=CC(=O)OC6)CC[C@]5(O)[C@@H]4CC[C@]3(O)C2)[C@H](O)[C@H](O)[C@H]1O
UZVHFVZFNXBMQJ-UHFFFAOYSA-N,C=CCC1(CC(C)C)C(=O)NC(=O)NC1=O
DDFOUSQFMYRUQK-RCDICMHDSA-N,C[C@@H](c1nc(-c2ccc(C#N)cc2)cs1)[C@](O)(Cn1cncn1)c1cc(F)ccc1F
QQZWEECEMNQSTG-UHFFFAOYSA-N,CCON=O
WSEQXVZVJXJVFP-FQEVSTJZSA-N,CN(C)CCC[C@@]1(c2ccc(F)cc2)OCc2cc(C#N)ccc21
RLCLASQCAPXVLM-NSHDSACASA-N,CC(C)n1c(=O)cc(N[C@@H](C)c2ccccc2)[nH]c1=O
NTYJJOPFIAHURM-UHFFFAOYSA-N,NCCc1c[nH]cn1
SKKDWRIEPIZVOR-UHFFFAOYSA-N,CN(C)CCCC1c2ccccc2Nc2ccc(Cl)cc21
SRBFZHDQGSBBOR-IOVATXLUSA-N,OC1OC[C@@H](O)[C@H](O)[C@H]1O
VRTWBAAJJOHBQU-KMWAZVGDSA-N,COC(=O)N[C@H](C(=O)N1CC2(CC2)C[C@H]1c1nc(-c2ccc3c(c2)C(F)(F)c2cc(-c4ccc5[nH]c([C@@H]6[C@H]7CC[C@H](C7)N6C(=O)[C@@H](NC(=O)OC)C(C)C)nc5c4)ccc2-3)c[nH]1)C(C)C
MFOCDFTXLCYLKU-CMPLNLGQSA-N,C[C@H]1[C@H](c2ccccc2)OCCN1C
YBCNXCRZPWQOBR-WVHCHWADSA-N,CCCC[N+]1(C)[C@@H]2C[C@@H](OC(=O)[C@H](CO)c3ccccc3)C[C@H]1[C@@H]1O[C@@H]12
BOBLHFUVNSFZPJ-JOYXJVLSSA-N,CC(=O)OCC(=O)[C@@]1(OC(C)=O)[C@@H](C)C[C@H]2[C@@H]3C[C@H](F)C4=CC(=O)C=C[C@]4(C)[C@@]3(F)[C@@H](O)C[C@@]21C
OMPJBNCRMGITSC-UHFFFAOYSA-N,O=C(OOC(=O)c1ccccc1)c1ccccc1
XJGVXQDUIWGIRW-UHFFFAOYSA-N,CN1CCN(C2=Nc3ccccc3Oc3ccc(Cl)cc32)CC1
DQCKKXVULJGBQN-XFWGSAIBSA-N,O=C1CC[C@@]2(O)[C@H]3Cc4ccc(O)c5c4[C@@]2(CCN3CC2CC2)[C@H]1O5
PWVXXGRKLHYWKM-LJQANCHMSA-N,CN1CCC[C@@H]1Cc1c[nH]c2ccc(CCS(=O)(=O)c3ccccc3)cc12
UFIVBRCCIRTJTN-UHFFFAOYSA-N,N#CC(CCN1CCC(C(=O)O)(c2ccccc2)CC1)(c1ccccc1)c1ccccc1
UNZIDPIPYUMVPA-UHFFFAOYSA-M,Cc1c(N(C)CS(=O)(=O)O)c(=O)n(-c2ccccc2)n1C
KPQZUUQMTUIKBP-UHFFFAOYSA-N,Cc1ncc([N+](=O)[O-])n1CC(C)O
NCDNCNXCDXHOMX-XGKFQTDJSA-N,CC(C)c1nc(CN(C)C(=O)N[C@H](C(=O)N[C@@H](Cc2ccccc2)C[C@H](O)[C@H](Cc2ccccc2)NC(=O)OCc2cncs2)C(C)C)cs1
ICMWWNHDUZJFDW-DHODBPELSA-N,C[C@]12CC(C=O)C(=O)C[C@@H]1CC[C@@H]1[C@@H]2CC[C@@]2(C)[C@H]1CC[C@]2(C)O
IWEQQRMGNVVKQW-OQKDUQJOSA-N,CN(C)CCOc1ccc(/C(=C(/CCCl)c2ccccc2)c2ccccc2)cc1
UCSJYZPVAKXKNQ-HZYVHMACSA-N,CN[C@@H]1[C@H](O[C@H]2[C@H](O[C@H]3[C@H](O)[C@@H](O)[C@H](N=C(N)N)[C@@H](O)[C@@H]3N=C(N)N)O[C@@H](C)[C@]2(O)C=O)O[C@@H](CO)[C@H](O)[C@H]1O
RICLFGYGYQXUFH-UHFFFAOYSA-N,O=C1CC2(CCCC2)CC(=O)N1CCCCN1CCN(c2ncccn2)CC1
JCBIVZZPXRZKTI-UHFFFAOYSA-N,CCN(CCO)CCCC(C)Nc1ccnc2cc(Cl)ccc12
FVTCRASFADXXNN-SCRDCRAPSA-N,Cc1cc2nc3c(=O)[nH]c(=O)nc-3n(C[C@H](O)[C@H](O)[C@H](O)COP(=O)(O)O)c2cc1C
GSOSVVULSKVSLQ-JJVRHELESA-N,C[C@@H](O)[C@H]1C(=O)N2C(C(=O)O)=C(SCCNC=N)C[C@H]12
HVRLZEKDTUEKQH-NOILCQHBSA-N,CN(C)CC/C=C1/c2ccccc2COc2ccc(CC(=O)O)cc21
SYIKUFDOYJFGBQ-YLAFAASESA-N,C[C@@H]1CCN(C(=O)CC#N)C[C@@H]1N(C)c1ncnc2[nH]ccc12
GUQNHCGYHLSITB-UHFFFAOYSA-N,CCN1CCN(c2ccc(Nc3cc(N(C)C(=O)Nc4c(Cl)c(OC)cc(OC)c4Cl)ncn3)cc2)CC1
JQXXHWHPUNPDRT-WLSIYKJHSA-N,CO[C@H]1/C=C/O[C@@]2(C)Oc3c(C)c(O)c4c(O)c(c(/C=N/N5CCN(C)CC5)c(O)c4c3C2=O)NC(=O)/C(C)=C\C=C\[C@H](C)[C@H](O)[C@@H](C)[C@@H](O)[C@@H](C)[C@H](OC(C)=O)[C@@H]1C
QFWPXOXWAUAYAB-XZVIDJSISA-M,CC1(C)S[C@@H]2[C@H](NC(=O)C(C(=O)Oc3ccc4c(c3)CCC4)c3ccccc3)C(=O)N2[C@H]1C(=O)O
ZZUFCTLCJUWOSV-UHFFFAOYSA-N,NS(=O)(=O)c1cc(C(=O)O)c(NCc2ccco2)cc1Cl
JOYRKODLDBILNP-UHFFFAOYSA-N,CCOC(N)=O
SGXXNSQHWDMGGP-UHFFFAOYSA-N,CNC(=C[N+](=O)[O-])NCCSCc1csc(CN(C)C)n1
BFUJHVVEMMWLHC-UHFFFAOYSA-N,O=C(COc1ccc(Cl)cc1)N1CCN(Cc2ccc3c(c2)OCO3)CC1
JTLXCMOFVBXEKD-FOWTUZBSSA-N,C/C(=C(/CCO)SSCC1CCCO1)N(C=O)Cc1cnc(C)nc1N
JSXBVMKACNEMKY-UHFFFAOYSA-N,CN1CCN(C2=Nc3ccccc3Oc3ccc(Cl)cc32)CC1
BONORRGKLJBGRV-UHFFFAOYSA-N,CN(C)CCN(Cc1cccs1)c1ccccn1
FEBOTPHFXYHVPL-UHFFFAOYSA-N,O=C(CCCN1CCC(n2c(=O)[nH]c3ccccc32)CC1)c1ccc(F)cc1
JFRLWWDJCFYFSU-UHFFFAOYSA-N,CN(C)CCCC1c2ccccc2Nc2ccc(Cl)cc21
GFNANZIMVAIWHM-OBYCQNJPSA-N,C[C@]12C=CC(=O)C=C1CC[C@H]1[C@@H]3C[C@@H](O)[C@](O)(C(=O)CO)[C@@]3(C)C[C@H](O)[C@@]12F
ZOCKGBMQLCSHFP-KQRAQHLDSA-N,CCCCC(=O)OCC(=O)[C@]1(O)Cc2c(O)c3c(c(O)c2[C@@H](O[C@H]2C[C@H](NC(=O)C(F)(F)F)[C@H](O)[C@H](C)O2)C1)C(=O)c1c(OC)cccc1C3=O
VRDIULHPQTYCLN-UHFFFAOYSA-N,CCCc1cc(C(N)=S)ccn1
FNYZFZRGBBCWBI-UHFFFAOYSA-L,Oc1c(Cl)cc(Cl)cc1Sc1cc(Cl)cc(Cl)c1O
JCQLYHFGKNRPGE-FCVZTGTOSA-N,OC[C@H]1O[C@@H](O[C@@H]2[C@@H](CO)O[C@](O)(CO)[C@H]2O)[C@H](O)[C@@H](O)[C@H]1O
XPFRXWCVYUEORT-UHFFFAOYSA-N,NC(=O)NC(=O)Cc1ccccc1
OFCJKOOVFDGTLY-QRPNPIFTSA-N,C[C@H](N)Cc1ccccc1
QXKHYNVANLEOEG-UHFFFAOYSA-N,COc1c2occc2cc2ccc(=O)oc12
FABUFPQFXZVHFB-PVYNADRNSA-N,C/C(=C\c1csc(C)n1)[C@@H]1C[C@@H]2O[C@]2(C)CCC[C@H](C)[C@H](O)[C@@H](C)C(=O)C(C)(C)[C@@H](O)CC(=O)N1
NXFQHRVNIOXGAQ-YCRREMRBSA-N,O=C1CN(/N=C/c2ccc([N+](=O)[O-])o2)C(=O)N1
WCMIIGXFCMNQDS-IDYPWDAWSA-M,CCN1CCN(C(=O)N[C@@H](C(=O)N[C@@H]2C(=O)N3[C@@H]2SC(C)(C)[C@@H]3C(=O)O)c2ccccc2)C(=O)C1=O
XLMALTXPSGQGBX-PGRDOPGGSA-N,CCC(=O)O[C@@](Cc1ccccc1)(c1ccccc1)[C@@H](C)CN(C)C
AMDBBAQNWSUWGN-UHFFFAOYSA-N,O=C(NCC(O)CO)c1c(I)c(C(=O)NCC(O)CO)c(I)c(N(CCO)C(=O)CO)c1I
OEXHQOGQTVQTAT-BHIXFJMTSA-N,CC(C)[N+]1(C)[C@@H]2CC[C@H]1C[C@@H](OC(=O)C(CO)c1ccccc1)C2
UYNVMODNBIQBMV-UHFFFAOYSA-N,CC(C(O)c1ccc(O)cc1)N1CCC(Cc2ccccc2)CC1
YIMYDTCOUQIDMT-SNAWJCMRSA-N,COC(=O)/C=C/C(=O)OCCN1C(=O)CCC1=O
XUIIKFGFIJCVMT-LBPRGKRZSA-N,N[C@@H](Cc1cc(I)c(Oc2cc(I)c(O)c(I)c2)c(I)c1)C(=O)O
SDBHDSZKNVDKNU-UHFFFAOYSA-N,CC(C)(C)c1ccc(CN2CCN(C(c3ccccc3)c3ccc(Cl)cc3)CC2)cc1
QSXMZJGGEWYVCN-UHFFFAOYSA-N,CC(C)(C)NCC(O)c1ccc(O)c(CO)n1
PAQUKACYLLABHB-UHFFFAOYSA-N,CN(C)CCOC(C)(c1ccccc1)c1ccc(Cl)cc1
NHANOMFABJQAAH-UHFFFAOYSA-N,CN(C)C(=O)c1cc2cnc(Nc3ccc(N4CCNCC4)cn3)nc2n1C1CCCC1
ZTVIKZXZYLEVOL-MCOXGKPRSA-N,CN1[C@@H]2CC[C@H]1C[C@@H](OC(=O)C(O)c1ccccc1)C2
ZIAOVIPSKUPPQW-UHFFFAOYSA-N,Cn1c(Cn2ccc(C(F)(F)F)c(Oc3cc(Cl)cc(C#N)c3)c2=O)n[nH]c1=O
MVWVFYHBGMAFLY-UHFFFAOYSA-N,O=C1Cc2cc(CCN3CCN(c4nsc5ccccc45)CC3)c(Cl)cc2N1
FBRAWBYQGRLCEK-RJFLZJKCSA-N,CCCC(=O)O[C@]1(C(=O)CCl)[C@H](C)C[C@@H]2[C@@H]3CCC4=CC(=O)C=C[C@]4(C)[C@]3(F)C(=O)C[C@@]21C
IDLSITKDRVDKRV-UHFFFAOYSA-N,CC(NCCc1ccc(O)cc1)C(O)c1ccc(O)cc1
OCUJLLGVOUDECM-UHFFFAOYSA-N,CNCC(O)c1ccc(OC(=O)C(C)(C)C)c(OC(=O)C(C)(C)C)c1
OFZJKCQENFPZBH-UHFFFAOYSA-N,O=C(Nc1nc(-c2cc(Cl)cs2)c(N2CCN(C3CCCCC3)CC2)s1)c1cnc(N2CCC(C(=O)O)CC2)c(Cl)c1
VPDULUNRSQWWJB-UHFFFAOYSA-N,Oc1ccc(CCNCCCCCCNCCc2ccccc2)cc1O
SPPTWHFVYKCNNK-FQEVSTJZSA-N,O=C(O)c1ccc(NC(=O)[C@H](Cc2ccc(O)cc2)NC(=O)c2ccccc2)cc1
WPVFJKSGQUFQAP-GKAPJAKFSA-N,CC(C)[C@H](N)C(=O)OCC(CO)OCn1cnc2c(=O)[nH]c(N)nc21
JYIKNQVWKBUSNH-OGZDCFRISA-N,CCC(C)CC(C)CCCCCCCCC(=O)N[C@H]1C[C@@H](O)[C@@H](NCCN)NC(=O)[C@@H]2[C@@H](O)CCN2C(=O)[C@H]([C@H](O)CCN)NC(=O)[C@H]([C@H](O)[C@@H](O)c2ccc(O)cc2)NC(=O)[C@@H]2C[C@@H](O)CN2C(=O)[C@H]([C@@H](C)O)NC1=O
LEBVLXFERQHONN-UHFFFAOYSA-N,CCCCN1CCCCC1C(=O)Nc1c(C)cccc1C
HCRKCZRJWPKOAR-JTQLQIEISA-N,CCN[C@H]1CN(CCCOC)S(=O)(=O)c2sc(S(N)(=O)=O)cc21
FAKRSMQSSFJEIM-RQJHMYQMSA-N,C[C@H](CS)C(=O)N1CCC[C@H]1C(=O)O
GECHUMIMRBOMGK-UHFFFAOYSA-N,Nc1ccc(S(=O)(=O)Nc2ccccn2)cc1
JRTIDHTUMYMPRU-UHFFFAOYSA-N,CCCN(CCC)C(=O)Cc1c(-c2ccc(Cl)cc2)nc2ccc(Cl)cn12
IXTMWRCNAAVVAI-UHFFFAOYSA-N,CN(CCOc1ccc(NS(C)(=O)=O)cc1)CCc1ccc(NS(C)(=O)=O)cc1
BJPJNTKRKALCPP-UHFFFAOYSA-N,CCCNC(C)C(=O)Nc1ccccc1C
SKIVFJLNDNKQPD-UHFFFAOYSA-N,CC(=O)NS(=O)(=O)c1ccc(N)cc1
VVZBFOKBSDGVGZ-UHFFFAOYSA-N,CCCCCCCCCCCCC[N+](C)(C)Cc1ccccc1
KYBOHGVERHWSSV-VNIVIJDLSA-N,CCCCC(C)(C)[C@H](O)/C=C/[C@H]1[C@H](O)CC(=O)[C@@H]1CCCC/C=C/C(=O)OC
SOYAGMVKMXZVNZ-UHFFFAOYSA-N,CCC(NC(C)C)C(O)c1ccc(O)c(O)c1
WXXSNCNJFUAIDG-UHFFFAOYSA-N,COC(=O)N(C)c1c(N)nc(-c2nn(Cc3ccccc3F)c3ncccc23)nc1N
LTINPJMVDKPJJI-UHFFFAOYSA-N,CC(I)C1OCC(CO)O1
SKPLBLUECSEIFO-UHFFFAOYSA-N,NC(=O)OCC(O)COc1ccc(Cl)cc1
ICZOIXFFVKYXOM-YCLOEFEOSA-M,Cn1nnnc1SCC1=C(C(=O)O)N2C(=O)[C@@H](NC(=O)[C@H](OC=O)c3ccccc3)[C@H]2SC1
BFSMGDJOXZAERB-UHFFFAOYSA-N,CC(C)(C)c1nc(-c2cccc(NS(=O)(=O)c3c(F)cccc3F)c2F)c(-c2ccnc(N)n2)s1
DEVSOMFAQLZNKR-RJRFIUFISA-N,O=C(/C=C\n1cnc(-c2cc(C(F)(F)F)cc(C(F)(F)F)c2)n1)NNc1cnccn1
WHTVZRBIWZFKQO-UHFFFAOYSA-N,CCN(CC)CCCC(C)Nc1ccnc2cc(Cl)ccc12
DQDAYGNAKTZFIW-UHFFFAOYSA-N,CCC(c1ccccc1)c1c(O)c2ccccc2oc1=O
TUESWZZJYCLFNL-DAFODLJHSA-N,N=C(N)c1ccc(/C=C/c2ccc(C(=N)N)cc2O)cc1
JHPHVAVFUYTVCL-UHFFFAOYSA-M,CC(=O)OC(C)C[N+](C)(C)C
KPWSJANDNDDRMB-QAQDUYKDSA-N,CN(C)C(=O)N[C@H]1CC[C@H](CCN2CCN(c3cccc(Cl)c3Cl)CC2)CC1
WJEOLQLKVOPQFV-UHFFFAOYSA-N,Cc1ccc(NC(=O)c2ccc(CN3CCN(C)CC3)cc2)cc1Nc1nc(-c2cccnc2)cs1
BLWNYSZZZWQCKO-UHFFFAOYSA-N,CC(=O)Oc1c(C)cc(OCC(O)CNC(C)C)c(C)c1C
ZGGHKIMDNBDHJB-CALJPSDSSA-M,CC(C)n1c(/C=C/C(O)CC(O)CC(=O)O)c(-c2ccc(F)cc2)c2ccccc21
FVTWTVQXNAJTQP-UHFFFAOYSA-N,OC(c1ccccc1)(c1ccccc1)C12CC[N+](CCOCc3ccccc3)(CC1)CC2
BSYNRYMUTXBXSQ-UHFFFAOYSA-N,CC(=O)Oc1ccccc1C(=O)O
SBNFWQZLDJGRLK-UHFFFAOYSA-N,CC(C)=CC1C(C(=O)OCc2cccc(Oc3ccccc3)c2)C1(C)C
KRNAOFGYEFKHPB-ANJVHQHFSA-N,N[C@@H]1c2cccnc2[C@H](OC(=O)N2CCC(n3c(=O)[nH]c4ncccc43)CC2)CC[C@H]1c1cccc(F)c1F
ROAIXOJGRFKICW-UHFFFAOYSA-N,C1N2CN3CN1CN(C2)C3
QTAQWNSMRSLSCG-UHFFFAOYSA-M,O=C(O)CCc1nc(-c2ccccc2)c(-c2ccccc2)o1
UPNUIXSCZBYVBB-JVFUWBCBSA-N,C[C@H]1CN(C[C@H](Cc2ccccc2)C(=O)NCC(=O)O)CC[C@@]1(C)c1cccc(O)c1
QGJUIPDUBHWZPV-SGTAVMJGSA-N,N#C[C@@H]1C[C@@H]2C[C@@H]2N1C(=O)[C@@H](N)C12CC3CC(CC(O)(C3)C1)C2
OWLCGJBUTJXNOF-HDNKIUSMSA-N,COc1c(C)c2c(c(O)c1C/C=C(\C)CCC(=O)OCCN1CCOCC1)C(=O)OC2
AIXAANGOTKPUOY-UHFFFAOYSA-N,C[N+](C)(C)CCOC(N)=O
PHTUQLWOUWZIMZ-GZTJUZNOSA-N,CN(C)CC/C=C1\c2ccccc2CSc2ccccc21
ACTRVOBWPAIOHC-XIXRPRMCSA-N,O=C(O)[C@@H](S)[C@@H](S)C(=O)O
AEQFSUDEHCCHBT-UHFFFAOYSA-M,CCCC(CCC)C(=O)O
ZQQALMSFFARWPK-GLHLDKNHSA-L,CO[C@@]1(NC(=O)C2SC(=C(C(N)=O)C(=O)O)S2)C(=O)N2C(C(=O)O)=C(CSc3nnnn3C)CS[C@@H]21
JHFNIHVVXRKLEF-DCZLAGFPSA-N,Cn1c(N)c(NC(=O)NCCN)c[n+]1CC1=C(C(=O)O)N2C(=O)[C@@H](NC(=O)/C(=N\OC(C)(C)C(=O)[O-])c3nsc(N)n3)[C@H]2SC1
DQDZQHMCPDUUPC-UHFFFAOYSA-N,COc1cc(NS(=O)(=O)c2ccc(N)cc2)nc(OC)n1
ZZIZZTHXZRDOFM-XFULWGLBSA-N,CCOc1ccccc1OCCN[C@H](C)Cc1ccc(OC)c(S(N)(=O)=O)c1
FUBBGQLTSCSAON-PBFPGSCMSA-N,CC(=O)OCC1=C(C(=O)O)N2C(=O)[C@@H](NC(=O)[C@H](N)c3ccccc3)[C@H]2SC1
DBPPRLRVDVJOCL-FQRUVTKNSA-N,CC(C)(O/N=C(\C(=O)N[C@@H]1C(=O)N2C(C(=O)[O-])=C(C[N+]3(CCNC(=O)c4ccc(O)c(O)c4Cl)CCCC3)CS[C@H]12)c1csc(N)n1)C(=O)O
OGQDIIKRQRZXJH-UHFFFAOYSA-N,CNCCCC1c2ccccc2C=Cc2ccccc21
ZBPLOVFIXSTCRZ-UHFFFAOYSA-N,Nc1c(CC(=O)O)cccc1C(=O)c1ccc(Br)cc1
BCQZXOMGPXTTIC-UHFFFAOYSA-N,FC(F)(F)C(Cl)Br
LPAUOXUZGSBGDU-STDDISTJSA-N,CCC/N=C1\S/C(=C\c2ccc(OC[C@H](O)CO)c(Cl)c2)C(=O)N1c1ccccc1C
ZISJNXNHJRQYJO-CMDGGOBGSA-N,CC(C)c1c(O)cc(/C=C/c2ccccc2)cc1O
XQFRJNBWHJMXHO-RRKCRQDMSA-N,O=c1[nH]c(=O)n([C@H]2C[C@H](O)[C@@H](CO)O2)cc1I
NJDNXYGOVLYJHP-UHFFFAOYSA-L,O=C(O)c1ccccc1-c1c2ccc(=O)cc-2oc2cc(O)ccc12
AHJGUEMIZPMAMR-WZTVWXICSA-N,Nc1nc(-n2cc(C(=O)O)c(=O)c3cc(F)c(N4CC(O)C4)c(Cl)c32)c(F)cc1F
QFJCIRLUMZQUOT-HPLJOQBZSA-N,CO[C@H]1C[C@@H]2CC[C@@H](C)[C@@](O)(O2)C(=O)C(=O)N2CCCC[C@H]2C(=O)O[C@H]([C@H](C)C[C@@H]2CC[C@@H](O)[C@H](OC)C2)CC(=O)[C@H](C)/C=C(\C)[C@@H](O)[C@@H](OC)C(=O)[C@H](C)C[C@H](C)/C=C/C=C/C=C/1C
CBHYYLPALVVVEY-MRFRVZCGSA-N,CN(C)[C@@H]1C(=O)C(C(N)=O)C(=O)[C@@]2(O)C(=O)C3C(=O)c4c(O)ccc(Cl)c4[C@@](C)(O)[C@H]3C[C@@H]12
CZFFBEXEKNGXKS-UHFFFAOYSA-N,Cc1nnc(C(=O)NC(C)(C)c2nc(C(=O)NCc3ccc(F)cc3)c(O)c(=O)n2C)o1
ISFHAYSTHMVOJR-UHFFFAOYSA-N,CN1CCC2=C(C1)C(c1ccccc1)c1ccccc12
JVHPTYWUBOQMBP-RVFAQHLVSA-N,CC(=O)[C@]1(O)Cc2c(O)c3c(c(O)c2[C@@H](O[C@H]2C[C@H](N)[C@H](O)[C@H](C)O2)C1)C(=O)c1ccccc1C3=O
GVNWHCVWDRNXAZ-BTJKTKAUSA-N,CN(C)CCOC(c1ccc(Cl)cc1)c1ccccn1
FQZYTYWMLGAPFJ-OQKDUQJOSA-N,CC/C(=C(\c1ccccc1)c1ccc(OCCN(C)C)cc1)c1ccccc1
VREFGVBLTWBCJP-UHFFFAOYSA-N,Cc1nnc2n1-c1ccc(Cl)cc1C(c1ccccc1)=NC2
DHSUYTOATWAVLW-WFVMDLQDSA-N,CC1(C)C[C@@H]1C(=O)N/C(=C\CCCCSC[C@H](N)C(=O)O)C(=O)O
LYZGJWXNOGIVQA-UHFFFAOYSA-M,C=CCC1(C(C)CCC)C(=O)NC(=S)NC1=O
HPBNRIOWIXYZFK-UHFFFAOYSA-N,N=C(N)NCC1COC2(CCCCC2)O1
FSQKKOOTNAMONP-UHFFFAOYSA-N,COc1ccc2c(c1)c(CC(=O)OCC(=O)O)c(C)n2C(=O)c1ccc(Cl)cc1
OFCJKOOVFDGTLY-UHFFFAOYSA-N,CC(N)Cc1ccccc1
UBZPNQRBUOBBLN-PWRODBHTSA-O,COC(=O)[C@H](c1ccccc1)[C@H]1CCCCN1C(=O)OC[n+]1cccc(C(=O)N[C@@H](CO)C(=O)O)c1
IIBYAHWJQTYFKB-UHFFFAOYSA-N,CC(C)(Oc1ccc(CCNC(=O)c2ccc(Cl)cc2)cc1)C(=O)O
WMFYOYKPJLRMJI-UHFFFAOYSA-N,COC(=O)C1=C(C)NC(C)=C(C(=O)OC(C)(C)CN(C)CCC(c2ccccc2)c2ccccc2)C1c1cccc([N+](=O)[O-])c1
ROGSHYHKHPCCJW-WLHGVMLRSA-N,CNCc1cc(-c2ccccc2F)n(S(=O)(=O)c2cccnc2)c1
NINIDFKCEFEMDL-UHFFFAOYSA-N,[S]
DDVJEYDLTXRYAJ-UHFFFAOYSA-N,CC1CN(c2cc3c(cc2F)c(=O)c(C(=O)O)cn3-c2ccc(F)cc2F)CCN1
VTAGVKVPFBOVRM-UHFFFAOYSA-N,CC[N+](C)(C)CCC(C(N)=O)(c1ccccc1)c1ccccc1
JIRBAUWICKGBFE-MNRDOXJOSA-N,CC1(C)S[C@@H]2[C@H](NC(=O)C(C(=O)Oc3ccc4c(c3)CCC4)c3ccccc3)C(=O)N2[C@H]1C(=O)O
JFXBEKISTKFVAB-AJQTZOPKSA-N,COc1ccc2cc1Oc1cc3c(cc1OC)CC[N+](C)(C)[C@H]3Cc1ccc(cc1)Oc1c(OC)c(OC)cc3c1[C@@H](C2)[N+](C)(C)CC3
MKPLKVHSHYCHOC-AHTXBMBWSA-N,CC(C)OC(=O)CCC/C=C\C[C@@H]1[C@@H](/C=C/[C@@H](O)COc2cccc(C(F)(F)F)c2)[C@H](O)C[C@@H]1O
PWAJCNITSBZRBL-UHFFFAOYSA-N,CC1=CC(=O)N2CC(=O)N(C)c3ccc(Cl)cc3C2(c2ccccc2)O1
GJJFMKBJSRMPLA-DZGCQCFKSA-N,CCN(CC)C(=O)[C@@]1(c2ccccc2)C[C@H]1CN
BKRGVLQUQGGVSM-KBXCAEBGSA-N,CCN(CC)C(=O)N[C@H]1C=C2c3cccc4[nH]cc(c34)C[C@H]2N(C)C1
PCHPORCSPXIHLZ-UHFFFAOYSA-N,CN(C)CCOC(c1ccccc1)c1ccccc1
XRQDFNLINLXZLB-CKIKVBCHSA-N,CCC(CC)[C@H](NC(C)=O)[C@@H]1[C@H](O)[C@@H](C(=O)O)C[C@H]1NC(=N)N
MIQPIUSUKVNLNT-UHFFFAOYSA-N,Cc1ccc(C(=O)c2cc(O)c(O)c([N+](=O)[O-])c2)cc1
XVTQTNAKZYLTNZ-HFPMQDOPSA-N,N=C(N)c1ccc(/C=C/c2ccc(C(=N)N)cc2O)cc1
NLORYLAYLIXTID-ISLYRVAYSA-N,CC/C(=C(/CC)c1ccc(OP(=O)(O)O)cc1)c1ccc(OP(=O)(O)O)cc1
QNZCBYKSOIHPEH-UHFFFAOYSA-N,COc1ccc(-n2nc(C(N)=O)c3c2C(=O)N(c2ccc(N4CCCCC4=O)cc2)CC3)cc1
XUIIKFGFIJCVMT-GFCCVEGCSA-N,N[C@H](Cc1cc(I)c(Oc2cc(I)c(O)c(I)c2)c(I)c1)C(=O)O
HXGBXQDTNZMWGS-RUZDIDTESA-N,NC(=O)C(c1ccccc1)(c1ccccc1)[C@@H]1CCN(CCc2ccc3c(c2)CCO3)C1
RDOIQAHITMMDAJ-UHFFFAOYSA-N,CN(C)C(=O)C(CCN1CCC(O)(c2ccc(Cl)cc2)CC1)(c1ccccc1)c1ccccc1
SESFRYSPDFLNCH-UHFFFAOYSA-N,O=C(OCc1ccccc1)c1ccccc1
JUMYIBMBTDDLNG-UHFFFAOYSA-N,COC(=O)C(c1ccccc1)C1CCCCN1
FDEODCTUSIWGLK-RSAXXLAASA-N,COC(=O)[C@H](c1ccccc1Cl)N1CCc2sccc2C1
BEEDODBODQVSIM-UHFFFAOYSA-N,Cc1cc(C(C)(C)C)c(O)c(C)c1CC1=NCCN1
JRURYQJSLYLRLN-BJMVGYQFSA-N,CCN(CC)C(=O)/C(C#N)=C/c1cc(O)c(O)c([N+](=O)[O-])c1
GQPLMRYTRLFLPF-UHFFFAOYSA-N,[N-]=[N+]=O
HCDMJFOHIXMBOV-UHFFFAOYSA-N,CCN1C(=O)N(c2c(F)c(OC)cc(OC)c2F)Cc2cnc3[nH]c(CN4CCOCC4)cc3c21
WSHYKIAQCMIPTB-UHFFFAOYSA-M,CC(=O)CC(c1ccccc1)c1c(O)c2ccccc2oc1=O
OSWPMRLSEDHDFF-UHFFFAOYSA-N,COC(=O)c1ccccc1O
ODYKCPYPRCJXLY-PZORDLPLSA-N,C[C@]12CC[C@@H]3c4ccc(OC5CCCC5)cc4CC[C@H]3[C@@H]1C[C@@H](O)[C@@H]2O
NFBAXHOPROOJAW-UHFFFAOYSA-N,O=C1c2ccccc2C(=O)C1c1ccccc1
IYMMESGOJVNCKV-UHFFFAOYSA-N,Oc1ccc(C(O)C2CCCCN2)cc1O
SPCKHVPPRJWQRZ-UHFFFAOYSA-N,CN(C)CCOC(c1ccccc1)c1ccccc1
OBATZBGFDSVCJD-LALPQLPRSA-N,C[C@H]1O[C@@H](O[C@H]2CC[C@@]3(C)[C@H](CC[C@@H]4[C@@H]3C[C@@H](O)[C@]3(C)[C@@H](C5=CC(=O)OC5)CC[C@]43O)C2)C[C@H](O)[C@@H]1O[C@H]1C[C@H](O)[C@H](O[C@H]2C[C@H](O)[C@H](O[C@@H]3O[C@H](CO)[C@@H](O)[C@H](O)[C@H]3O)[C@@H](C)O2)[C@@H](C)O1
ZJEFYLVGGFISGT-VRZXRVJBSA-L,O=C(O)c1cc(/N=N/c2ccc(O)c(C(=O)O)c2)ccc1O
YLCXGBZIZBEVPZ-UHFFFAOYSA-N,CN1CCN=C(c2ccccc2)c2cc(Cl)ccc21
UHDGCWIWMRVCDJ-CCXZUQQUSA-N,Nc1ccn([C@@H]2O[C@H](CO)[C@@H](O)[C@@H]2O)c(=O)n1
ZGSZBVAEVPSPFM-FFHNEAJVSA-N,COc1ccc2c3c1O[C@H]1[C@@H](O)CC[C@H]4[C@@H](C2)N(C)CC[C@@]341
OSZNNLWOYWAHSS-UHFFFAOYSA-M,CN(C)C(=O)Oc1cccc([N+](C)(C)C)c1
KOHIRBRYDXPAMZ-UHFFFAOYSA-N,OC(CNCC(O)C1CCc2cc(F)ccc2O1)C1CCc2cc(F)ccc2O1
MOYKHGMNXAOIAT-JGWLITMVSA-N,O=[N+]([O-])O[C@H]1CO[C@H]2[C@@H]1OC[C@H]2O[N+](=O)[O-]
LHHCSNFAOIFYRV-DOVBMPENSA-N,CC(C)(C)NC(=O)N[C@H](C(=O)N1C[C@H]2[C@@H]([C@H]1C(=O)NC(CC1CCC1)C(=O)C(N)=O)C2(C)C)C(C)(C)C
FUFVKLQESJNNAN-RIMUKSHESA-M,C[N+]1(C)[C@@H]2CC[C@H]1C[C@@H](OC(=O)C(O)c1ccccc1)C2
MPIPASJGOJYODL-UHFFFAOYSA-N,Clc1ccc(C(Cn2ccnc2)OCc2c(Cl)cccc2Cl)c(Cl)c1
IZEKFCXSFNUWAM-UHFFFAOYSA-N,OCCN(CCO)c1nc(N2CCCCC2)c2nc(N(CCO)CCO)nc(N3CCCCC3)c2n1
YNNUSGIPVFPVBX-NHCUHLMSSA-N,CN1CCC[C@@H]1CCO[C@](C)(c1ccccc1)c1ccc(Cl)cc1
SQVIAVUSQAWMKL-UHFFFAOYSA-N,CCNCC(O)c1cccc(O)c1
WXAYTPABEADAAB-UHFFFAOYSA-N,CN1CCCN=C1COC(=O)C(O)(c1ccccc1)C1CCCCC1
ABVRVIZBZKUTMK-JSYANWSFSA-M,O=C(O)[C@H]1/C(=C/CO)O[C@@H]2CC(=O)N21
RMTYNAPTNBJHQI-LLDVTBCESA-N,Cc1ccc(S(=O)(=O)NC(=O)N[C@H]2[C@H]3CC[C@@](C)([C@H]2O)C3(C)C)cc1
YXSLJKQTIDHPOT-UHFFFAOYSA-N,COc1ccc(CC2c3cc(OC)c(OC)cc3CC[N+]2(C)CCC(=O)OCCCCCOC(=O)CC[N+]2(C)CCc3cc(OC)c(OC)cc3C2Cc2ccc(OC)c(OC)c2)cc1OC
ZFXYFBGIUFBOJW-UHFFFAOYSA-N,Cn1c(=O)c2[nH]cnc2n(C)c1=O
DNXHEGUUPJUMQT-CBZIJGRNSA-N,C[C@]12CC[C@@H]3c4ccc(O)cc4CC[C@H]3[C@@H]1CCC2=O
GONQEUJYYMYNMN-HWAJWLCKSA-N,COC(=O)[C@H](c1ccccc1)[C@H]1CCCCN1C(=O)OC[n+]1cccc(C(=O)N[C@@H](CO)C(=O)O)c1
BQENDLAVTKRQMS-SBBGFIFASA-L,CC1(C)[C@@H](OC(=O)CCC(=O)O)CC[C@]2(C)[C@H]3C(=O)C=C4[C@@H]5C[C@@](C)(C(=O)O)CC[C@]5(C)CC[C@@]4(C)[C@]3(C)CC[C@@H]12
SDEAXTCZPQIFQM-UHFFFAOYSA-N,Cc1cc(Nc2ncnc3ccc(NC4=NC(C)(C)CO4)cc23)ccc1Oc1ccn2ncnc2c1
MAEIEVLCKWDQJH-UHFFFAOYSA-N,CCCCNc1cc(C(=O)O)cc(S(N)(=O)=O)c1Oc1ccccc1
KPSRODZRAIWAKH-UHFFFAOYSA-N,CC(C)(Oc1ccc(C2CC2(Cl)Cl)cc1)C(=O)O
NZFNXWQNBYZDAQ-UHFFFAOYSA-N,CSc1ccc2c(c1)N(CCC1CCCCN1C)c1ccccc1S2
ORFOPKXBNMVMKC-DWVKKRMSSA-N,CC(C)(O/N=C(\C(=O)N[C@@H]1C(=O)N2C(C(=O)[O-])=C(C[n+]3ccccc3)CS[C@H]12)c1csc(N)n1)C(=O)O
VJJPUSNTGOMMGY-MRVIYFEKSA-N,COc1cc([C@@H]2c3cc4c(cc3[C@@H](O[C@@H]3O[C@@H]5CO[C@@H](C)O[C@H]5[C@H](O)[C@H]3O)[C@H]3COC(=O)[C@H]23)OCO4)cc(OC)c1O
XYGVIBXOJOOCFR-BTJKTKAUSA-N,Cc1ncc2n1-c1ccc(Cl)cc1C(c1ccccc1F)=NC2
GBBSUAFBMRNDJC-INIZCTEOSA-N,CN1CCN(C(=O)O[C@H]2c3nccnc3C(=O)N2c2ccc(Cl)cn2)CC1
MHIGBKBJSQVXNH-IWVLMIASSA-N,C=C1c2cccc(O)c2C(=O)C2C(=O)[C@]3(O)C(=O)C(C(N)=O)C(=O)[C@@H](N(C)C)[C@@H]3[C@@H](O)[C@H]12
RJQXTJLFIWVMTO-TYNCELHUSA-N,COc1cccc(OC)c1C(=O)N[C@@H]1C(=O)N2[C@@H]1SC(C)(C)[C@@H]2C(=O)O
FVNFBBAOMBJTST-UHFFFAOYSA-N,O=C1NCC2(CCN(CCc3ccccc3)CC2)O1
UVOCNBWUHNCKJM-XFAPPKAWSA-M,CC1(C)S[C@@H]2[C@H](NC(=O)[C@H](NC(=O)N3CCNC3=O)c3ccccc3)C(=O)N2[C@H]1C(=O)O
BGSOJVFOEQLVMH-VWUMJDOOSA-N,C[C@]12CCC(=O)C=C1CC[C@@H]1[C@@H]2[C@@H](O)C[C@@]2(C)[C@H]1CC[C@]2(O)C(=O)COP(=O)(O)O
AWEZYKMQFAUBTD-UHFFFAOYSA-N,CNS(=O)(=O)CCc1ccc2[nH]cc(C3CCN(C)CC3)c2c1
NTEDWGYJNHZKQW-DGMDOPGDSA-N,N[C@]1(C(=O)O)C[C@@H]([18F])C1
AVGYWQBCYZHHPN-CYJZLJNKSA-N,CC1=C(C(=O)O)N2C(=O)[C@@H](NC(=O)[C@H](N)c3ccccc3)[C@H]2SC1
BMPDWHIDQYTSHX-AWEZNQCLSA-N,NC(=O)N1c2ccccc2C[C@H](O)c2ccccc21
WFBMIPUMYUHANP-UHFFFAOYSA-N,CCC(=O)N(c1ccccc1)C1(C(=O)OC)CCN(CCC(=O)OC)CC1
GDLIGKIOYRNHDA-UHFFFAOYSA-N,CN(C)CCCN1c2ccccc2CCc2ccc(Cl)cc21
QKVKOFVWUHNEBX-UHFFFAOYSA-N,O=C(NC1CCN(CCCCC2(C(=O)NCC(F)(F)F)c3ccccc3-c3ccccc32)CC1)c1ccccc1-c1ccc(C(F)(F)F)cc1
PEZPMAYDXJQYRV-UHFFFAOYSA-N,NCCNc1ccc(NCCN)c2c1C(=O)c1ccncc1C2=O
DBAKFASWICGISY-DASCVMRKSA-N,CN(C)CC[C@@H](c1ccc(Cl)cc1)c1ccccn1
AFNXATANNDIXLG-UHFFFAOYSA-N,Clc1ccc(CSC(Cn2ccnc2)c2ccc(Cl)cc2Cl)cc1
ZRYHPQCHHOKSMD-UHFFFAOYSA-N,C[N+]1(C)CCN(CC(O)(c2ccccc2)C2CCCCC2)CC1
PCHKPVIQAHNQLW-CQSZACIVSA-N,NC(=O)c1cccc2cn(-c3ccc([C@@H]4CCCNC4)cc3)nc12
OUYCCCASQSFEME-QMMMGPOBSA-N,N[C@@H](Cc1ccc(O)cc1)C(=O)O
ZEHYJZXQEQOSON-AATRIKPKSA-N,C#CC(O)(/C=C/Cl)CC
ZXBDZLHAHGPXIG-VTXLJDRKSA-N,CC[C@H]1OC(=O)[C@H](C)[C@@H](O[C@H]2C[C@@](C)(OC)[C@@H](O)[C@H](C)O2)[C@H](C)[C@@H](O[C@@H]2O[C@H](C)C[C@H](N(C)C)[C@H]2O)[C@](C)(O)C[C@@H](C)C(=O)[C@H](C)[C@@H](O)[C@]1(C)O
BFDBKMOZYNOTPK-UHFFFAOYSA-N,CNCc1cc(-c2ccccc2F)n(S(=O)(=O)c2cccnc2)c1
CKMOQBVBEGCJGW-LLIZZRELSA-L,O=C(O)CCNC(=O)c1ccc(/N=N/c2ccc(O)c(C(=O)O)c2)cc1
NJNWEGFJCGYWQT-VSXGLTOVSA-N,CC1(C)O[C@@H]2C[C@H]3[C@@H]4C[C@H](F)C5=CC(=O)C=C[C@]5(C)[C@@]4(Cl)[C@@H](Cl)C[C@]3(C)[C@]2(C(=O)CO)O1
SWKDMSRRIBZZAY-UHFFFAOYSA-N,c1ccc(CN(CC2=NCCN2)c2ccccc2)cc1
BFSMWENDZZIWPW-UHFFFAOYSA-N,CC(C)[N+](C)(CCC(C(N)=O)(c1ccccc1)c1ccccc1)C(C)C
OSASVXMJTNOKOY-UHFFFAOYSA-N,CC(C)(O)C(Cl)(Cl)Cl
XCPGHVQEEXUHNC-UHFFFAOYSA-N,COc1cc(NS(C)(=O)=O)ccc1Nc1c2ccccc2nc2ccccc12
UQRICAQPWZSJNF-UHFFFAOYSA-N,CCN(c1cc(-c2ccc(CN3CCOCC3)cc2)cc(C(=O)NCc2c(C)cc(C)[nH]c2=O)c1C)C1CCOCC1
SWIJYDAEGSIQPZ-UHFFFAOYSA-N,CCN(CC)CC#CCOC(=O)C(O)(c1ccccc1)C1CCCCC1
DCERVXIINVUMKU-UHFFFAOYSA-N,O=C(O)Cc1ccccc1Nc1c(Cl)cccc1Cl
YFAGHNZHGGCZAX-JKIFEVAISA-N,Cc1onc(-c2c(Cl)cccc2Cl)c1C(=O)N[C@@H]1C(=O)N2[C@@H]1SC(C)(C)[C@@H]2C(=O)O
IHUNBGSDBOWDMA-AQFIFDHZSA-N,COc1cc(C)c(/C=C/C(C)=C/C=C/C(C)=C/C(=O)O)c(C)c1C
GHASVSINZRGABV-UHFFFAOYSA-N,O=c1[nH]cc(F)c(=O)[nH]1
NZDASSHFKWDBBU-KVMCETHSSA-N,CC1(C)S[C@@H]2[C@H](NC(=O)C(C(=O)Oc3ccccc3)c3ccccc3)C(=O)N2[C@H]1C(=O)O
NWJQLQGQZSIBAF-MLAUYUEBSA-N,C=CC[C@@H]1/C=C(\C)C[C@H](C)C[C@H](OC)[C@H]2O[C@@](O)(C(=O)C(=O)N3CCCC[C@H]3C(=O)O[C@H](/C(C)=C/[C@@H]3CC[C@@H](O)[C@H](OC)C3)[C@H](C)[C@@H](O)CC1=O)[C@H](C)C[C@@H]2OC
GZUITABIAKMVPG-UHFFFAOYSA-N,O=C(c1ccc(OCCN2CCCCC2)cc1)c1c(-c2ccc(O)cc2)sc2cc(O)ccc12
OICFWWJHIMKBCD-VALQNVSPSA-N,C[C@@H]1CN([C@H]2CC[C@](C#N)(c3ccc(F)cc3)CC2)CC[C@]1(C(=O)O)c1ccccc1
ADLFUPFRVXCDMO-LIGXYSTNSA-M,CO/N=C(\C(=O)N[C@@H]1C(=O)N2C(C(=O)O)=CCS[C@H]12)c1csc(N)n1
VXFJYXUZANRPDJ-WTNASJBWSA-N,CCOC(=O)[C@H](CCc1ccccc1)N[C@@H](C)C(=O)N1[C@H](C(=O)O)C[C@H]2CCCC[C@@H]21
RFSUNEUAIZKAJO-ARQDHWQXSA-N,OC[C@H]1O[C@](O)(CO)[C@@H](O)[C@@H]1O
KHPKQFYUPIUARC-UHFFFAOYSA-N,Cc1ccc(Nc2c(F)cccc2Cl)c(CC(=O)O)c1
PPZMYIBUHIPZOS-UHFFFAOYSA-N,NCCc1c[nH]cn1
UEJSSZHHYBHCEL-UHFFFAOYSA-N,Nc1ccc(S(=O)(=O)Nc2ncccn2)cc1
VRYMTAVOXVTQEF-UHFFFAOYSA-N,CC(=O)Oc1cc(C(C)C)c(OCCN(C)C)cc1C
IMOZEMNVLZVGJZ-QGZVFWFLSA-N,CCOc1cc([C@@H](CS(C)(=O)=O)N2C(=O)c3cccc(NC(C)=O)c3C2=O)ccc1OC
MQLXPRBEAHBZTK-SEINRUQRSA-M,C[N+]1(C)[C@@H]2C[C@@H](OC(=O)C(O)(c3cccs3)c3cccs3)C[C@H]1[C@@H]1O[C@@H]12
LDMPZNTVIGIREC-CZEDPBFNSA-N,CN1CCC[C@H]1c1cccnc1
DAFYYTQWSAWIGS-DEOSSOPVSA-N,OCc1cc([C@@H](O)CNCCCCCCOCCOCc2c(Cl)cccc2Cl)ccc1O
POZRVZJJTULAOH-LHZXLZLDSA-N,C#C[C@]1(O)CC[C@H]2[C@@H]3CCC4=Cc5oncc5C[C@]4(C)[C@H]3CC[C@@]21C
KLOHDWPABZXLGI-YWUHCJSESA-M,CC1(C)S[C@@H]2[C@H](NC(=O)[C@H](N)c3ccccc3)C(=O)N2[C@H]1C(=O)O
QIVUCLWGARAQIO-OLIXTKCUSA-N,C[C@@H]1[C@H](c2c(F)ccc(F)c2F)C[C@H](NC(=O)c2cnc3c(c2)C[C@@]2(C3)C(=O)Nc3ncccc32)C(=O)N1CC(F)(F)F
UZWDCWONPYILKI-UHFFFAOYSA-N,CCN1CCN(Cc2ccc(Nc3ncc(F)c(-c4cc(F)c5nc(C)n(C(C)C)c5c4)n3)nc2)CC1
YYUAYBYLJSNDCX-UHFFFAOYSA-N,Cc1cc(NC(=O)C2C(=O)c3ccccc3S(=O)(=O)N2C)no1
WDFKMLRRRCGAKS-UHFFFAOYSA-N,Oc1c(Cl)cc(Cl)c2cccnc12
UWFYSQMTEOIJJG-FDTZYFLXSA-N,CC(=O)O[C@]1(C(C)=O)CC[C@H]2[C@@H]3C=C(Cl)C4=CC(=O)[C@@H]5C[C@@H]5[C@]4(C)[C@H]3CC[C@@]21C
QORVDGQLPPAFRS-XPSHAMGMSA-N,COc1ccc2c3c1O[C@H]1C[C@@H](O)C=C[C@@]31CCN(C)C2
SJQBHPJLLIJASD-UHFFFAOYSA-N,O=C(Nc1ccc(Cl)c(Cl)c1)c1cc(Cl)cc(Cl)c1O
ULFRLSNUDGIQQP-UHFFFAOYSA-N,CN(C)CCc1c[nH]c2ccc(Cn3cncn3)cc12
WRUUGTRCQOWXEG-UHFFFAOYSA-N,NCCC(O)(P(=O)(O)O)P(=O)(O)O
FEBLZLNTKCEFIT-VSXGLTOVSA-N,CC1(C)O[C@@H]2C[C@H]3[C@@H]4C[C@H](F)C5=CC(=O)C=C[C@]5(C)[C@@]4(F)[C@@H](O)C[C@]3(C)[C@]2(C(=O)CO)O1
JTZZSQYMACOLNN-VDWJNHBNSA-N,COc1ccc2c(O[C@@H]3C[C@H]4C(=O)N[C@]5(C(=O)NS(=O)(=O)C6CC6)C[C@H]5/C=C\CCCCN(C)C(=O)[C@@H]4C3)cc(-c3nc(C(C)C)cs3)nc2c1C
DQOGWKZQQBYYMW-LQGIGNHCSA-N,COc1cc(NCc2ccc3nc(N)nc(N)c3c2C)cc(OC)c1OC
IFLZPECPTYCEBR-VIEYUMQNSA-N,COc1ccc2c(c1)N(C[C@H](C)CN(C)C)c1ccccc1S2
XGGHHHBGPSNXFE-ZSHCYNCHSA-N,CCCC(CCC)C(=O)O[C@H]1C[C@H]2CC[C@@H](C1)[N+]2(C)C
GKIRPKYJQBWNGO-UHFFFAOYSA-N,CCN(CC)CCOc1ccc(C(=C(Cl)c2ccccc2)c2ccccc2)cc1
XLOMZPUITCYLMJ-UHFFFAOYSA-N,C=CCC1(C(C)CCC)C(=O)NC(=S)NC1=O
WQABCVAJNWAXTE-UHFFFAOYSA-N,OCC(S)CS
FJLBFSROUSIWMA-UHFFFAOYSA-N,CC(C)(C(=O)c1cccnc1)c1cccnc1
OFCNXPDARWKPPY-UHFFFAOYSA-N,O=c1[nH]cnc2[nH]ncc12
XNEFYCZVKIDDMS-UHFFFAOYSA-N,COc1ccc(C(=O)CC(=O)c2ccc(C(C)(C)C)cc2)cc1
JPGKFBXFEQWCAI-CCLYOLAMSA-N,COc1ccc2c3c1O[C@H]1[C@@H](O)C=C[C@H]4[C@@H](C2)N(C)CC[C@@]341
FPOHNWQLNRZRFC-ZHACJKMWSA-N,Cc1[nH]c2ccccc2c1CCNCc1ccc(/C=C/C(=O)NO)cc1
SUFUKZSWUHZXAV-BTJKTKAUSA-N,CN(CCOc1ccc(CC2SC(=O)NC2=O)cc1)c1ccccn1
YFGHCGITMMYXAQ-LJQANCHMSA-N,NC(=O)C[S@@+]([O-])C(c1ccccc1)c1ccccc1
BGRJTUBHPOOWDU-UHFFFAOYSA-N,CCN1CCCC1CNC(=O)c1cc(S(N)(=O)=O)ccc1OC
PAEBIVWUMLRPSK-IDTAVKCVSA-N,CSCCNc1nc(SCCC(F)(F)F)nc2c1ncn2[C@@H]1O[C@H](COP(=O)(O)OP(=O)(O)C(Cl)(Cl)P(=O)(O)O)[C@@H](O)[C@H]1O
BAQCROVBDNBEEB-UBYUBLNFSA-N,CC(=O)Nc1c(I)c(C(=O)N[C@H]2C(O)O[C@H](CO)[C@@H](O)[C@@H]2O)c(I)c(N(C)C(C)=O)c1I
NNULBSISHYWZJU-LLKWHZGFSA-N,CO/N=C(\C(=O)N[C@@H]1C(=O)N2C(C(=O)O)=CCS[C@H]12)c1csc(N)n1
QYSGYZVSCZSLHT-UHFFFAOYSA-N,FC(F)(F)C(F)(F)C(F)(F)F
LUCXVPAZUDVVBT-UNTBIKODSA-N,CNCC[C@@H](Oc1ccccc1C)c1ccccc1
AGHANLSBXUWXTB-UHFFFAOYSA-N,O=C(O)COc1ccc(C(=O)c2cccs2)c(Cl)c1Cl
KDLLNMRYZGUVMA-ZYMZXAKXSA-N,C[C@]12CC[C@@H]3c4ccc(O)cc4CC[C@H]3[C@@H]1C[C@@H]([18F])[C@@H]2O
MYVIATVLJGTBFV-UHFFFAOYSA-M,Cc1ncc(C[n+]2csc(CCO)c2C)c(N)n1
BLUAFEHZUWYNDE-DKGJTOOQSA-N,C[C@@H]1CC[C@H]2[C@@H](C)C(=O)O[C@@H]3O[C@]4(C)CC[C@@H]1[C@]32OO4
DIGFQJFCDPKEPF-OIUSMDOTSA-L,COc1ccc2cc1Oc1cc3c(cc1OC)CC[N+](C)(C)[C@H]3Cc1ccc(cc1)Oc1c(OC)c(OC)cc3c1[C@@H](C2)[N+](C)(C)CC3
SSQPWTVBQMWLSZ-AAQCHOMXSA-N,CC/C=C\C/C=C\C/C=C\C/C=C\C/C=C\CCCC(=O)OCC
UBQYURCVBFRUQT-UHFFFAOYSA-N,CC(=O)N(O)CCCCCNC(=O)CCC(=O)N(O)CCCCCNC(=O)CCC(=O)N(O)CCCCCN
QAMYWGZHLCQOOJ-WRNBYXCMSA-N,C=C1C[C@@H]2CC[C@@]34C[C@H]5O[C@H]6[C@@H](O3)[C@H]3O[C@H](CC[C@@H]3O[C@H]6[C@H]5O4)CC(=O)C[C@@H]3[C@@H](OC)[C@@H](C[C@H](O)CN)O[C@H]3C[C@H]3O[C@@H](CC[C@@H]1O2)C[C@@H](C)C3=C
YCWSUKQGVSGXJO-NTUHNPAUSA-N,O=C(N/N=C/c1ccc([N+](=O)[O-])o1)c1ccc(O)cc1
MITFXPHMIHQXPI-UHFFFAOYSA-N,CC(C(=O)O)c1ccc2oc(-c3ccc(Cl)cc3)nc2c1
JLRGJRBPOGGCBT-UHFFFAOYSA-N,CCCCNC(=O)NS(=O)(=O)c1ccc(C)cc1
VNYBTNPBYXSMOO-UHFFFAOYSA-M,CN(C)C(=O)Oc1ccc[n+](C)c1
GETAAWDSFUCLBS-SJPDSGJFSA-N,[18F]c1ccc(-c2ccc3c(c2)[nH]c2ccncc23)cn1
NTHXOOBQLCIOLC-UHFFFAOYSA-N,CC(=O)N(CC(O)CO)c1c(I)c(C(=O)NCC(O)CO)c(I)c(C(=O)NCC(O)CO)c1I
PGZUMBJQJWIWGJ-ONAKXNSWSA-N,CCOC(=O)C1=C[C@@H](OC(CC)CC)[C@H](NC(C)=O)[C@@H](N)C1
RAOHHYUBMJLHNC-UHFFFAOYSA-N,CN1CCCC(CC2c3ccccc3Sc3ccccc32)C1
FMHHVULEAZTJMA-UHFFFAOYSA-N,Cc1cc2cc3c(C)cc(=O)oc3c(C)c2o1
TYQXKHPOXXXCTP-CSLYCKPJSA-N,CCC(=O)O[C@H]1[C@H](O[C@@H]2[C@@H](C)[C@H](O[C@H]3C[C@@](C)(OC)[C@@H](O)[C@H](C)O3)[C@@H](C)C(=O)O[C@H](CC)[C@@](C)(O)[C@H](O)[C@@H](C)C(=O)[C@H](C)C[C@@]2(C)O)O[C@H](C)C[C@@H]1N(C)C
CBHCDHNUZWWAPP-UHFFFAOYSA-N,CN1CCCC(CN2c3ccccc3Sc3ccccc32)C1
KAAZGXDPUNNEFN-UHFFFAOYSA-N,CN1CCN(C2=Nc3ccccc3Sc3ccc(Cl)cc32)CC1
ZQDJSWUEGOYDGT-UHFFFAOYSA-N,CN(C)CCOC(c1ccccc1)c1ccc(Br)cc1
KDGFLJKFZUIJMX-UHFFFAOYSA-N,CCc1cc2c(cc1N1CCC(N3CCOCC3)CC1)C(C)(C)c1[nH]c3cc(C#N)ccc3c1C2=O
VWLHWLSRQJQWRG-UHFFFAOYSA-O,CC[N+](C)(C)c1cccc(O)c1
TWYFGYXQSYOKLK-UHFFFAOYSA-N,c1cnc2cc3c(cc2n1)C1CNCC3C1
GUGOEEXESWIERI-UHFFFAOYSA-N,CC(C)(C)c1ccc(C(O)CCCN2CCC(C(O)(c3ccccc3)c3ccccc3)CC2)cc1
LLXQGDWGCCKOQP-MVZLLIIPSA-M,COc1ccc2c(O[C@@H]3C[C@H]4C(=O)N[C@]5(C(=O)NS(=O)(=O)C6CC6)C[C@H]5/C=C\CCCCN(C)C(=O)[C@@H]4C3)cc(-c3nc(C(C)C)cs3)nc2c1C
OYYDSUSKLWTMMQ-JKHIJQBDSA-N,O=C(O[C@H]1C[C@H]2CC[C@@H](C1)[N+]21CCCC1)C(O)(c1ccccc1)c1ccccc1
OGHNVEJMJSYVRP-UHFFFAOYSA-N,COc1ccccc1OCCNCC(O)COc1cccc2[nH]c3ccccc3c12
HDRXZJPWHTXQRI-BHDTVMLSSA-N,COc1ccc([C@@H]2Sc3ccccc3N(CCN(C)C)C(=O)[C@@H]2OC(C)=O)cc1
NHTGHBARYWONDQ-JTQLQIEISA-N,C[C@](N)(Cc1ccc(O)cc1)C(=O)O
BQKADKWNRWCIJL-UHFFFAOYSA-N,CC(CCc1ccc(O)cc1)NCCc1ccc(O)c(O)c1
RMMXTBMQSGEXHJ-UHFFFAOYSA-N,Cc1c(N(C)C)c(=O)n(-c2ccccc2)n1C
NWIUTZDMDHAVTP-UHFFFAOYSA-N,CC(C)NCC(O)COc1ccc(CCOCC2CC2)cc1
VENXSELNXQXCNT-YDYUUSCQSA-N,C[C@H](N)[C@H](O)c1cccc(O)c1
SKYSRIRYMSLOIN-UHFFFAOYSA-N,CN(C)CCOC(=O)C(c1ccccc1)C1(O)CCCC1
YVOFSHPIJOYKSH-NLYBMVFSSA-M,CO[C@H]1/C=C/O[C@@]2(C)Oc3c(C)c(O)c4c(O)c(cc(O)c4c3C2=O)NC(=O)/C(C)=C\C=C\[C@H](C)[C@H](O)[C@@H](C)[C@@H](O)[C@@H](C)[C@H](OC(C)=O)[C@@H]1C
ALWKGYPQUAPLQC-UHFFFAOYSA-N,CN(C)C(=O)Oc1cccc([N+](C)(C)C)c1
JJICLMJFIKGAAU-UHFFFAOYSA-M,Nc1nc2c(ncn2COC(CO)CO)c(=O)[nH]1
FWLKKPKZQYVAFR-LVEZLNDCSA-N,CCOCCn1c(N2CCCN(C)CC2)nc2ccccc21
HHJUWIANJFBDHT-ZVTSDNJWSA-N,CC[C@]1(O)C[C@@H]2CN(CCc3c([nH]c4ccccc34)[C@@](C(=O)OC)(c3cc4c(cc3OC)N(C)[C@H]3[C@@](O)(C(N)=O)[C@H](O)[C@]5(CC)C=CCN6CC[C@]43[C@@H]65)C2)C1
RHKZVMUBMXGOLL-UHFFFAOYSA-N,CN(C)CCOC(=O)C(c1ccccc1)C1(O)CCCC1
JBIMVDZLSHOPLA-LSCVHKIXSA-N,CN(C)CC/C=C1/c2ccccc2COc2ccc(CC(=O)O)cc21
DERZBLKQOCDDDZ-JLHYYAGUSA-N,C(=C/c1ccccc1)\CN1CCN(C(c2ccccc2)c2ccccc2)CC1
RNGHAJVBYQPLAZ-UHFFFAOYSA-N,CC(CC(c1ccccc1)c1ccccc1)NC(C)(C)C
OGSBUKJUDHAQEA-WMCAAGNKSA-N,C#CCC(Cc1cnc2nc(N)nc(N)c2n1)c1ccc(C(=O)N[C@@H](CCC(=O)O)C(=O)O)cc1
YPZRWBKMTBYPTK-BJDJZHNGSA-N,N[C@@H](CCC(=O)N[C@@H](CSSC[C@H](NC(=O)CC[C@H](N)C(=O)O)C(=O)NCC(=O)O)C(=O)NCC(=O)O)C(=O)O
AEUTYOVWOVBAKS-UWVGGRQHSA-N,CC[C@@H](CO)NCCN[C@@H](CC)CO
WESWYMRNZNDGBX-UHFFFAOYSA-N,OC(c1cc(C(F)(F)F)nc2c(C(F)(F)F)cccc12)C1CCCCN1
JUZYLCPPVHEVSV-LJQANCHMSA-N,COc1cc2c(cc1Cc1cccc(Cl)c1F)c(=O)c(C(=O)O)cn2[C@H](CO)C(C)C
BWMISRWJRUSYEX-SZKNIZGXSA-N,CN(C/C=C/C#CC(C)(C)C)Cc1cccc2ccccc12
HXWLAJVUJSVENX-HZMVEIRTSA-N,COC(=O)[C@H]1[C@@H](c2ccc(I)cc2)C[C@@H]2CC[C@H]1N2CCCF
GELRVIPPMNMYGS-RVXRQPKJSA-N,Fc1ccc([C@@H]2CCNC[C@H]2COc2ccc3c(c2)OCO3)cc1
VXZCUHNJXSIJIM-MEBGWEOYSA-N,CCOc1cc2ncc(C#N)c(Nc3ccc(OCc4ccccn4)c(Cl)c3)c2cc1NC(=O)/C=C/CN(C)C
QQHMKNYGKVVGCZ-UHFFFAOYSA-N,N=C1CCCN1Cc1[nH]c(=O)[nH]c(=O)c1Cl
CYLWJCABXYDINA-UHFFFAOYSA-N,CN1C(CSCC(F)(F)F)Nc2cc(Cl)c(S(N)(=O)=O)cc2S1(=O)=O
GOEMGAFJFRBGGG-UHFFFAOYSA-N,CCCC(=O)Nc1ccc(OCC(O)CNC(C)C)c(C(C)=O)c1
UCHDWCPVSPXUMX-TZIWLTJVSA-N,CC(C)(O)c1ccccc1CC[C@@H](SCC1(CC(=O)O)CC1)c1cccc(/C=C/c2ccc3ccc(Cl)cc3n2)c1
SEBMTIQKRHYNIT-UHFFFAOYSA-N,CN1CCC(=C2c3ccccc3CCc3cccnc32)CC1
VOBHXZCDAVEXEY-JSGCOSHPSA-N,C[C@@H](Cc1ccccc1)NC(=O)[C@@H](N)CCCCN
YSEXMKHXIOCEJA-FVFQAYNVSA-N,CO[C@]12C[C@@H](COC(=O)c3cncc(Br)c3)CN(C)[C@@H]1Cc1cn(C)c3cccc2c13
WYQFJHHDOKWSHR-MNOVXSKESA-N,CC[C@@H]1CN(C(=O)NCC(F)(F)F)C[C@@H]1c1cnc2cnc3[nH]ccc3n12
FTALBRSUTCGOEG-UHFFFAOYSA-N,Nc1nc2ccc(OC(F)(F)F)cc2s1
WSPOMRSOLSGNFJ-AUWJEWJLSA-N,CN(C)CC/C=C1/c2ccccc2Sc2ccc(Cl)cc21
MUQNGPZZQDCDFT-JNQJZLCISA-N,CC1(C)O[C@@H]2C[C@H]3[C@@H]4CCC5=CC(=O)CC[C@]5(C)[C@@]4(F)[C@@H](O)C[C@]3(C)[C@]2(C(=O)CCl)O1
FLKYBGKDCCEQQM-WYUVZMMLSA-M,Cc1nnc(SCC2=C(C(=O)O)N3C(=O)[C@@H](NC(=O)Cn4cnnn4)[C@H]3SC2)s1
CUZMOIXUFHOLLN-UMVVUDSKSA-N,Cc1ccc(/C(=C\CN2CCCC2)c2ccccn2)cc1
NRUKOCRGYNPUPR-QBPJDGROSA-N,COc1cc([C@@H]2c3cc4c(cc3[C@@H](O[C@@H]3O[C@@H]5CO[C@@H](c6cccs6)O[C@H]5[C@H](O)[C@H]3O)[C@H]3COC(=O)[C@H]23)OCO4)cc(OC)c1O
HWLFIUUAYLEFCT-UHFFFAOYSA-N,COc1cc2nccc(Oc3ccc(NC(=O)NC4CC4)c(Cl)c3)c2cc1C(N)=O
VPSRQEHTHIMDQM-FKLPMGAJSA-N,CCOC(=O)[C@H](CCc1ccccc1)N[C@H]1CCc2ccccc2N(CC(=O)O)C1=O
WZPBZJONDBGPKJ-VEHQQRBSSA-N,C[C@H]1[C@H](NC(=O)/C(=N\OC(C)(C)C(=O)O)c2csc(N)n2)C(=O)N1S(=O)(=O)O
VUDZSIYXZUYWSC-DBRKOABJSA-N,O=C1N[C@H](O)CCN1[C@@H]1O[C@H](CO)[C@@H](O)C1(F)F
ZLHZLMOSPGACSZ-NSHDSACASA-N,O=[N+]([O-])c1cn2c(n1)OC[C@@H](OCc1ccc(OC(F)(F)F)cc1)C2
JUZNIMUFDBIJCM-ANEDZVCMSA-N,C[C@@H](O)[C@H]1C(=O)N2C(C(=O)O)=C(S[C@@H]3CN[C@H](C(=O)Nc4cccc(C(=O)O)c4)C3)[C@H](C)[C@H]12
UILOTUUZKGTYFQ-UHFFFAOYSA-N,NCc1ccc(S(N)(=O)=O)cc1
LWAFSWPYPHEXKX-UHFFFAOYSA-N,CC(C)(C)NCC(O)COc1cccc2c1CCC(=O)N2
MNIPYSSQXLZQLJ-UHFFFAOYSA-N,O=C(O)COC(=O)Cc1ccccc1Nc1c(Cl)cccc1Cl
UKPBEPCQTDRZSE-UHFFFAOYSA-N,CN1CCN(C(c2ccccc2)c2ccccc2)CC1
XRECTZIEBJDKEO-UHFFFAOYSA-N,Nc1nc(=O)[nH]cc1F
MYSWGUAQZAJSOK-UHFFFAOYSA-N,O=C(O)c1cn(C2CC2)c2cc(N3CCNCC3)c(F)cc2c1=O
BGDKAVGWHJFAGW-UHFFFAOYSA-N,CCN(Cc1ccncc1)C(=O)C(CO)c1ccccc1
HCTVWSOKIJULET-LQDWTQKMSA-M,CC1(C)S[C@@H]2[C@H](NC(=O)COc3ccccc3)C(=O)N2[C@H]1C(=O)O
BARDROPHSZEBKC-OITMNORJSA-N,C[C@@H](O[C@H]1OCCN(Cc2nn(P(=O)(O)O)c(=O)[nH]2)[C@H]1c1ccc(F)cc1)c1cc(C(F)(F)F)cc(C(F)(F)F)c1
XMXHEBAFVSFQEX-UHFFFAOYSA-N,COc1cc(C(C)=O)ccc1OCCCN1CCC(c2noc3cc(F)ccc23)CC1
KFQYTPMOWPVWEJ-INIZCTEOSA-N,CCCN(CCc1cccs1)[C@H]1CCc2c(O)cccc2C1
KPBZROQVTHLCDU-UHFFFAOYSA-N,CCCC(=O)OCOC(=O)C1=C(C)NC(C)=C(C(=O)OC)C1c1cccc(Cl)c1Cl
OIRDTQYFTABQOQ-UHTZMRCNSA-N,Nc1ncnc2c1ncn2[C@@H]1O[C@H](CO)[C@@H](O)[C@@H]1O
RVBRTNPNFYFDMZ-SPIKMXEPSA-N,CCSc1ccc2c(c1)N(CCCN1CCN(C)CC1)c1ccccc1S2
MYMOFIZGZYHOMD-UHFFFAOYSA-N,O=O
YIQPUIGJQJDJOS-UHFFFAOYSA-N,c1cc(CN2CCCNCCNCCCNCC2)ccc1CN1CCCNCCNCCCNCC1
JXSBZDNBNJTHBJ-JPZUGYNPSA-M,CC1(C)S[C@@H]2[C@H](NC(=O)C(C(=O)Oc3ccccc3)c3ccccc3)C(=O)N2[C@H]1C(=O)O
JBMKAUGHUNFTOL-UHFFFAOYSA-N,NS(=O)(=O)c1cc2c(cc1Cl)N=CNS2(=O)=O
ASMXXROZKSBQIH-VITNCHFBSA-N,O=C(O[C@H]1C[N+]2(CCCOc3ccccc3)CCC1CC2)C(O)(c1cccs1)c1cccs1
XSBSKEQEUFOSDD-UHFFFAOYSA-N,C[N+]1(CCCCC[N+]2(C)CCCC2)CCCC1
JFMWPOCYMYGEDM-XFULWGLBSA-N,N#CC[C@H](C1CCCC1)n1cc(-c2ncnc3[nH]ccc23)cn1
OJGDCBLYJGHCIH-UHFFFAOYSA-N,CN(Cc1cc(Br)cc(Br)c1N)C1CCCCC1
WEJDYJKJPUPMLH-UHFFFAOYSA-N,CC(C)(N)Cc1ccc(Cl)cc1
TXEIIPDJKFWEEC-UHFFFAOYSA-N,O=C(O)c1ccc2nc(-c3cc(Cl)cc(Cl)c3)oc2c1
JVHXJTBJCFBINQ-ADAARDCZSA-N,CCOc1ccc(Cc2cc([C@@H]3O[C@H](CO)[C@@H](O)[C@H](O)[C@H]3O)ccc2Cl)cc1
ZKIAIYBUSXZPLP-UHFFFAOYSA-N,O=c1ccc2ccc(OCCCCN3CCN(c4cccc5sccc45)CC3)cc2[nH]1
STTADZBLEUMJRG-IKNOHUQMSA-N,COc1ccc2c(c1)[C@]13CCCC[C@@H]1[C@H](C2)N(C)CC3
JAUOIFJMECXRGI-UHFFFAOYSA-N,Clc1ccc2c(c1)CCc1cccnc1C2=C1CCNCC1
HYWYRSMBCFDLJT-UHFFFAOYSA-N,CS(=O)(=O)Nc1ccc([N+](=O)[O-])cc1Oc1ccccc1
YMTINGFKWWXKFG-UHFFFAOYSA-N,CC(C)OC(=O)C(C)(C)Oc1ccc(C(=O)c2ccc(Cl)cc2)cc1
YNJBWRMUSHSURL-UHFFFAOYSA-N,O=C(O)C(Cl)(Cl)Cl
IQFYYKKMVGJFEH-CSMHCCOUSA-N,Cc1cn([C@@H]2C[C@@H](O)[C@H](CO)O2)c(=O)[nH]c1=O
GQPXYJNXTAFDLT-UHFFFAOYSA-L,O=C1NC(c2ccccc2)(c2ccccc2)C(=O)N1COP(=O)(O)O
KZLNXGBVFTWMPS-UHFFFAOYSA-N,CCN(CC)C(=O)C1CN2CCc3cc(OC)c(OC)cc3C2CC1OC(C)=O
BPEWUONYVDABNZ-DZBHQSCQSA-N,C[C@]12C=CC(=O)C=C1CC[C@@H]1[C@@H]2CC[C@]2(C)OC(=O)CC[C@@H]12
MAFMQEKGGFWBAB-UHFFFAOYSA-N,CCCCNc1ccc(C(=O)OCCOCCOCCOCCOCCOCCOCCOCCOCCOC)cc1
NLOOMWLTUVBWAW-HLLBOEOZSA-N,CC(=O)OCOC(=O)[C@@H]1N2C(=O)[C@@H](NC(=O)Cc3ccccc3)[C@H]2SC1(C)C
JWHAUXFOSRPERK-UHFFFAOYSA-N,CCCNCC(O)COc1ccccc1C(=O)CCc1ccccc1
VQASKUSHBVDKGU-UHFFFAOYSA-N,CCC1(C)OC(=O)N(C)C1=O
JWNPDZNEKVCWMY-VQHVLOKHSA-N,CCOc1cc2ncc(C#N)c(Nc3ccc(OCc4ccccn4)c(Cl)c3)c2cc1NC(=O)/C=C/CN(C)C
QYSPLQLAKJAUJT-UHFFFAOYSA-N,CN1C(C(=O)Nc2ccccn2)C(=O)c2ccccc2S1(=O)=O
KWGRBVOPPLSCSI-WCBMZHEXSA-N,CN[C@@H](C)[C@@H](O)c1ccccc1
MKDALIOACIEUJM-XCFCBFDASA-N,CC[C@@H]1[C@@H]2CN(C(=O)[C@H](C(C)(C)C)NC(=O)O[C@@H]3C[C@H]3CCCCC(F)(F)c3nc4ccc(OC)cc4nc3O2)[C@@H]1C(=O)N[C@]1(C(=O)NS(=O)(=O)C2(C)CC2)C[C@H]1C(C)C
XAEWZDYWZHIUCT-UHFFFAOYSA-N,CNCCCN1c2ccccc2CCc2ccccc21
OFVLGDICTFRJMM-WESIUVDSSA-N,CN(C)[C@@H]1C(=O)C(C(N)=O)C(=O)[C@@]2(O)C(=O)C3C(=O)c4c(O)cccc4[C@@](C)(O)[C@H]3C[C@@H]12
WIHMBLDNRMIGDW-UHFFFAOYSA-N,CN(C)CCCC1(c2ccc(F)cc2)OCc2cc(C#N)ccc21
FCPVYOBCFFNJFS-LQDWTQKMSA-M,CC1(C)S[C@@H]2[C@H](NC(=O)Cc3ccccc3)C(=O)N2[C@H]1C(=O)O
YQEZLKZALYSWHR-ZDUSSCGKSA-N,CN[C@]1(c2ccccc2Cl)CCCCC1=O
NCFTXMQPRQZFMZ-WERGMSTESA-M,CCN1CCN(C(=O)N[C@@H](C(=O)N[C@@H]2C(=O)N3C(C(=O)O)=C(CSc4nnnn4C)CS[C@H]23)c2ccc(O)cc2)C(=O)C1=O
KPJZHOPZRAFDTN-NQUBZZJWSA-N,CCC(CO)NC(=O)[C@@H]1C=C2c3cccc4c3c(cn4C)C[C@H]2N(C)C1
ABJKWBDEJIDSJZ-UHFFFAOYSA-N,CN(Cc1ccc(C(C)(C)C)cc1)Cc1cccc2ccccc12
PHLBKPHSAVXXEF-UHFFFAOYSA-N,O=c1n(CCCN2CCN(c3cccc(Cl)c3)CC2)nc2ccccn12
DNTGGZPQPQTDQF-XBXARRHUSA-N,C/C=C/C(=O)N(CC)c1ccccc1C
NCAIGTHBQTXTLR-UHFFFAOYSA-N,CC(C)(N)Cc1ccccc1
TVPJGGZLZLUPOB-SPIKMXEPSA-N,CCC(=O)c1ccc2c(c1)N(CCCN1CCN(CCO)CC1)c1ccccc1S2
ZTVQQQVZCWLTDF-UHFFFAOYSA-N,CCC(=O)N(c1ccccc1)C1(C(=O)OC)CCN(CCC(=O)OC)CC1
UJYSYPVQHFNBML-UHFFFAOYSA-N,COC(=O)CCC(=O)CN
QSRVZCCJDKYRRF-YDALLXLXSA-N,CCOC(=O)[C@@](C)(N)Cc1ccc(O)c(O)c1
CTRLABGOLIVAIY-UHFFFAOYSA-N,NC(=O)N1c2ccccc2CC(=O)c2ccccc21
VFKZTMPDYBFSTM-KVTDHHQDSA-N,O[C@@H]([C@H](O)[C@H](O)CBr)[C@H](O)CBr
BOFQWVMAQOTZIW-UHFFFAOYSA-N,O=C(O)c1ccc(-n2nc(-c3ccccc3O)nc2-c2ccccc2O)cc1
NTEDWGYJNHZKQW-IWLYVCSRSA-N,N[C@]1(C(=O)O)C[C@@H](F)C1
UGVNGSMLNPWNNA-UHFFFAOYSA-N,CCC(=O)c1ccc2c(c1)N(CC(C)N(C)C)c1ccccc1S2
YLJREFDVOIBQDA-UHFFFAOYSA-N,Nc1c2c(nc3ccccc13)CCCC2
GPTONYMQFTZPKC-UHFFFAOYSA-N,COc1cnc(NS(=O)(=O)c2ccc(N)cc2)nc1
NLYNIRQVMRLPIQ-XQLAAWPRSA-N,CCO[C@H]1O[C@@H]2O[C@@]3(C)CC[C@H]4[C@H](C)CC[C@@H]([C@H]1C)[C@@]24OO3
PIJVFDBKTWXHHD-HIFRSBDPSA-N,CNC(=O)Oc1ccc2c(c1)[C@]1(C)CCN(C)[C@@H]1N2C
RWWYLEGWBNMMLJ-YSOARWBDSA-N,CCC(CC)COC(=O)[C@H](C)N[P@](=O)(OC[C@H]1O[C@@](C#N)(c2ccc3c(N)ncnn23)[C@H](O)[C@@H]1O)Oc1ccccc1
NCWZOASIUQVOFA-NSCUHMNNSA-N,CNc1ccc(/C=C/c2ccc(OCCOCCOCCF)cc2)cc1
IYJMSDVSVHDVGT-PEQKVOOWSA-N,CO[C@H]1[C@@H](O)C[C@H](O[C@H]2[C@@H](O)C[C@H](O[C@H]3[C@@H](O)C[C@H](O[C@H]4CC[C@@]5(C)[C@H](CC[C@@H]6[C@@H]5C[C@@H](O)[C@]5(C)[C@@H](C7=CC(=O)OC7)CC[C@]65O)C4)O[C@@H]3C)O[C@@H]2C)O[C@@H]1C
RUOKEQAAGRXIBM-GFCCVEGCSA-N,C#CCN[C@@H]1CCc2ccccc21
OZOMQRBLCMDCEG-VIZOYTHASA-N,O=C1CN(/N=C/c2ccc(-c3ccc([N+](=O)[O-])cc3)o2)C(=O)N1
RJKFOVLPORLFTN-LEKSSAKUSA-N,CC(=O)[C@H]1CC[C@H]2[C@@H]3CCC4=CC(=O)CC[C@]4(C)[C@H]3CC[C@]12C
GUHPRPJDBZHYCJ-UHFFFAOYSA-N,CC(C(=O)O)c1ccc(C(=O)c2ccccc2)s1
ZSCDBOWYZJWBIY-UHFFFAOYSA-N,CC(CN(C)C)CN1c2ccccc2CCc2ccccc21
MQTOSJVFKKJCRP-BICOPXKESA-N,CC[C@H]1OC(=O)[C@H](C)[C@@H](O[C@H]2C[C@@](C)(OC)[C@@H](O)[C@H](C)O2)[C@H](C)[C@@H](O[C@@H]2O[C@H](C)C[C@H](N(C)C)[C@H]2O)[C@](C)(O)C[C@@H](C)CN(C)[C@H](C)[C@@H](O)[C@]1(C)O
HEAUOKZIVMZVQL-VWLOTQADSA-N,COc1cccc(-c2c(C)n(Cc3c(F)cccc3C(F)(F)F)c(=O)n(C[C@H](NCCCC(=O)O)c3ccccc3)c2=O)c1F
WDVSHHCDHLJJJR-UHFFFAOYSA-N,Nc1ccc2cc3ccc(N)cc3nc2c1
PXGPLTODNUVGFL-YNNPMVKQSA-N,CCCCC[C@H](O)/C=C/[C@@H]1[C@@H](C/C=C\CCCC(=O)O)[C@@H](O)C[C@H]1O
NXQKSXLFSAEQCZ-SFHVURJKSA-N,C=CC(=O)N1CCN(c2nc(=O)n(-c3c(C)ccnc3C(C)C)c3nc(-c4c(O)cccc4F)c(F)cc23)[C@@H](C)C1
LNEPOXFFQSENCJ-UHFFFAOYSA-N,O=C(CCCN1CCC(O)(c2ccc(Cl)cc2)CC1)c1ccc(F)cc1
DOBMPNYZJYQDGZ-UHFFFAOYSA-N,O=c1oc2ccccc2c(O)c1Cc1c(O)c2ccccc2oc1=O
KDLLNMRYZGUVMA-ZXXIGWHRSA-N,C[C@]12CC[C@@H]3c4ccc(O)cc4CC[C@H]3[C@@H]1C[C@@H](F)[C@@H]2O
BFCDFTHTSVTWOG-UHFFFAOYSA-N,CCCCCCCCNC(C)C(O)c1ccc(SC(C)C)cc1
CLDOLNORSLLQDI-OOAIBONUSA-N,CCOC(=O)[C@H](CCc1ccccc1)N[C@@H](C)C(=O)N1CC2(C[C@H]1C(=O)O)SCCS2
YZLZPSJXMWGIFH-BCXQGASESA-N,Oc1ccc2c3c1O[C@H]1[C@@H](O)CC[C@@]4(O)[C@@H](C2)N(CC2CCC2)CC[C@]314
ZCKAMNXUHHNZLN-UHFFFAOYSA-N,CC(C)(N)Cc1ccc(Cl)cc1
UBPYILGKFZZVDX-UHFFFAOYSA-N,COc1cc(Nc2c(C#N)cnc3cc(OCCCN4CCN(C)CC4)c(OC)cc23)c(Cl)cc1Cl
OZVBMTJYIDMWIL-AYFBDAFISA-N,CC(C)C[C@H]1C(=O)N2CCC[C@H]2[C@]2(O)O[C@](NC(=O)[C@@H]3C=C4c5cccc6[nH]c(Br)c(c56)C[C@H]4N(C)C3)(C(C)C)C(=O)N12
BVUSNQJCSYDJJG-UHFFFAOYSA-N,O=C(CCCN1CCC(O)(c2ccc(Cl)cc2)CC1)c1ccc(F)cc1
SUJUHGSWHZTSEU-FYBSXPHGSA-N,CCC[C@@]1(CCc2ccccc2)CC(=O)C([C@H](CC)c2cccc(NS(=O)(=O)c3ccc(C(F)(F)F)cn3)c2)C(=O)O1
KUCQYCKVKVOKAY-CTYIDZIISA-N,O=C1C(=O)C([C@H]2CC[C@H](c3ccc(Cl)cc3)CC2)C(=O)c2ccccc21
XWALNWXLMVGSFR-HLXURNFRSA-N,C[C@]12C=CC(=O)C=C1CC[C@@H]1[C@@H]2CC[C@@]2(C)[C@H]1CC[C@]2(C)O
HKDLNTKNLJPAIY-WKWWZUSTSA-N,CC(=O)[C@@]1(O)CC[C@H]2[C@@H]3CCC4=CC(=O)CCC4=C3[C@@H](c3ccc(N(C)C)cc3)C[C@@]21C
FPZLLRFZJZRHSY-HJYUBDRYSA-N,CN(C)c1cc(NC(=O)CNC(C)(C)C)c(O)c2c1C[C@H]1C[C@H]3[C@H](N(C)C)C(=O)C(C(N)=O)C(=O)[C@@]3(O)C(=O)C1C2=O
TZIZWYVVGLXXFV-FLRHRWPCSA-N,CC(C)(C)CC(=O)OCC(=O)[C@@]12OC(C)(C)O[C@@H]1C[C@H]1[C@@H]3CCC4=CC(=O)C=C[C@]4(C)[C@@]3(F)[C@@H](O)C[C@@]12C
WBCWFMFZMRFRLT-UHFFFAOYSA-N,OC(CCN1CCCCC1)(c1ccccc1)C1CCCC1
LULNWZDBKTWDGK-UHFFFAOYSA-M,CN(C)C(=O)Oc1cccc([N+](C)(C)C)c1
WOLHOYHSEKDWQH-UHFFFAOYSA-N,NC12CC3CC(CC(C3)C1)C2
KLZWOWYOHUKJIG-BPUTZDHNSA-N,CCOC(=O)[C@H](CCc1ccccc1)N[C@@H](C)C(=O)N1C(=O)N(C)C[C@H]1C(=O)O
FBSMERQALIEGJT-UHFFFAOYSA-N,CN(C)CCCN1c2ccccc2Sc2ccc(Cl)cc21
ZJKNESGOIKRXQY-UHFFFAOYSA-N,CSc1ccc(C(=O)c2[nH]c(=O)[nH]c2C)cc1
KZVOMLRKFJUTLK-UHFFFAOYSA-N,CN1CCC(COc2cnc(-c3cccc(Cn4nc(-c5cccc(C#N)c5)ccc4=O)c3)nc2)CC1
BWHLPLXXIDYSNW-UHFFFAOYSA-N,O=C(c1ccccc1)c1ccc2n1CCC2C(=O)O
MVRHVFSOIWFBTE-INIZCTEOSA-N,Cc1nn(C)cc1S(=O)(=O)NC(=O)c1ccc(-n2ccc(OCC(C)(C)C(F)(F)F)n2)nc1N1C[C@@H](C)CC1(C)C
KFZMGEQAYNKOFK-UHFFFAOYSA-N,CC(C)O
JKJRNPOQQPBPOV-UHFFFAOYSA-N,CC1OC2(CS1)CN1CCC2CC1
OTQYGBJVDRBCHC-UHFFFAOYSA-N,Nc1cc(Cl)c(N=C2NCCN2)c(Cl)c1
XWIHRGFIPXWGEF-UHFFFAOYSA-N,CCCNCC(O)COc1ccccc1C(=O)CCc1ccccc1
BNIILDVGGAEEIG-JCIGTKTHSA-L,O=[32P](O)(O)O
VPGRYOFKCNULNK-ACXQXYJUSA-N,CC(=O)OCC(=O)[C@H]1CC[C@H]2[C@@H]3CCC4=CC(=O)CC[C@]4(C)[C@H]3CC[C@]12C
IVDHYUQIDRJSTI-UHFFFAOYSA-N,CNC(=O)c1cc(Oc2ccc(NC(=O)Nc3ccc(Cl)c(C(F)(F)F)c3)cc2)ccn1
DBGIVFWFUFKIQN-VIFPVBQESA-N,CCN[C@@H](C)Cc1cccc(C(F)(F)F)c1
QWCRAEMEVRGPNT-UHFFFAOYSA-N,O=C1CC2(CCCC2)CC(=O)N1CCCCN1CCN(c2ncccn2)CC1
OWYLAEYXIQKAOL-UHFFFAOYSA-N,COc1cc(OC)c(C(=O)CCCN2CCCC2)c(OC)c1
NCWZOASIUQVOFA-FWZJPQCDSA-N,CNc1ccc(/C=C/c2ccc(OCCOCCOCC[18F])cc2)cc1
CWCSCNSKBSCYCS-UHFFFAOYSA-M,C=C(CC)C(=O)c1ccc(OCC(=O)O)c(Cl)c1Cl
WSFSSNUMVMOOMR-UHFFFAOYSA-N,C=O
ZCMWSKHHXLCVHI-VROPFNGYSA-N,CCOC(=O)[C@H](Cc1ccc(F)cc1)NC(=O)[C@@H](N)Cc1ccc(N(CCCl)CCCl)cc1
OEKWJQXRCDYSHL-FNOIDJSQSA-N,CCCSc1nc(N[C@@H]2C[C@H]2c2ccc(F)c(F)c2)c2nnn([C@@H]3C[C@H](OCCO)[C@@H](O)[C@H]3O)c2n1
PJHKBYALYHRYSK-UHFFFAOYSA-N,CCCCCCC(=O)OCC(COC(=O)CCCCCC)OC(=O)CCCCCC
ZQGJCHHKJNSPMS-UHFFFAOYSA-L,COc1cc(Nc2ncc(F)c(Nc3ccc4c(n3)N(COP(=O)(O)O)C(=O)C(C)(C)O4)n2)cc(OC)c1OC
KAICRBBQCRKMPO-UHFFFAOYSA-N,Nc1ccncc1N
GGLKTKQOHMCQHF-UNHNTEMGSA-N,Nc1nc2c(c(=O)[nH]1)N[C@@H]1[C@H](N2)O[C@@H]2COP(=O)(O)O[C@@H]2C1(O)O
UDUQHZSAAWGSPJ-UHFFFAOYSA-N,CCOC(=O)C1(c2ccccc2)CCN(CCc2ccc(N)cc2)CC1
MNQDKWZEUULFPX-UHFFFAOYSA-M,CCN1/C(=C/C=C/C=C/c2sc3ccccc3[n+]2CC)Sc2ccccc21
ZCBZSCBNOOIHFP-UHFFFAOYSA-N,O=C1Cc2cc(CCN3CCN(c4nsc5ccccc45)CC3)c(Cl)cc2N1
XXRMYXBSBOVVBH-UHFFFAOYSA-N,CC(C[N+](C)(C)C)OC(N)=O
ZCVMWBYGMWKGHF-UHFFFAOYSA-N,CN1CCC(=C2c3ccccc3CC(=O)c3sccc32)CC1
LAZPBGZRMVRFKY-HNCPQSOCSA-N,c1ccc([C@H]2CN3CCSC3=N2)cc1
WIMWMKZEIBHDTH-UHFFFAOYSA-N,CN(C)CCCN1c2ccccc2CCc2ccc(Cl)cc21
RZVAJINKPMORJF-UHFFFAOYSA-N,CC(=O)Nc1ccc(O)cc1
FPTPAIQTXYFGJC-UHFFFAOYSA-N,Cc1ncc([N+](=O)[O-])n1CCO
PCZOHLXUXFIOCF-BXMDZJJMSA-N,CC[C@H](C)C(=O)O[C@H]1C[C@@H](C)C=C2C=C[C@H](C)[C@H](CC[C@@H]3C[C@@H](O)CC(=O)O3)[C@H]21
CVKUMNRCIJMVAR-UHFFFAOYSA-N,Oc1ccc(C2CNCCc3c2cc(O)c(O)c3Cl)cc1
BYPFEZZEUUWMEJ-UHFFFAOYSA-N,CC(=O)CCCCn1c(=O)c2c(ncn2C)n(C)c1=O
NNKXWRRDHYTHFP-HZQSTTLBSA-N,C=C[C@H]1CN2CC[C@H]1C[C@H]2[C@H](O)c1ccnc2ccc(OC)cc12
OENHQHLEOONYIE-JLTXGRSLSA-N,CC1=C(/C=C/C(C)=C/C=C/C(C)=C/C=C/C=C(C)/C=C/C=C(C)/C=C/C2=C(C)CCCC2(C)C)C(C)(C)CCC1
HAPOVYFOVVWLRS-UHFFFAOYSA-N,CCC1(C)CC(=O)NC1=O
FVAUCKIRQBBSSJ-VVUPZWBASA-M,[123IH]
QRZAKQDHEVVFRX-UHFFFAOYSA-N,O=C(O)Cc1ccc(-c2ccccc2)cc1
XQTWDDCIUJNLTR-CVHRZJFOSA-N,C[C@H]1c2cccc(O)c2C(=O)C2C(=O)[C@]3(O)C(=O)C(C(N)=O)C(=O)[C@@H](N(C)C)[C@@H]3[C@@H](O)[C@@H]21
AIJTTZAVMXIJGM-UHFFFAOYSA-N,Cc1c(F)c(N2CCNC(C)C2)cc2c1c(=O)c(C(=O)O)cn2C1CC1
PLHJDBGFXBMTGZ-WEVVVXLNSA-N,O=C1OCCN1/N=C/c1ccc([N+](=O)[O-])o1
PBCZLFBEBARBBI-UHFFFAOYSA-N,Nc1ccc(S(=O)(=O)NC(=O)c2ccccc2)cc1
