inchi key,smiles,Y
UDRWVFGKMDCPTL-UHFFFAOYSA-N,Fc1ccc(-n2cc(C3CCN(CCN4CCNC4=S)CC3)c3ccccc32)cc1,1.0
QPOLRENOYJQNEP-UHFFFAOYSA-N,O=C1NCCN1CCN1CCC(c2cn(-c3ccc(F)cc3)c3ccccc23)CC1,1.0
NAUWTFJOPJWYOT-UHFFFAOYSA-N,Fc1ccc(C(OCCN2CCN(CCCc3ccccc3)CC2)c2ccc(F)cc2)cc1,1.0
UISIMLLBTGLBND-UHFFFAOYSA-N,CS(=O)(=O)Nc1ccc2c(c1)C(=O)CC1(CCN(CCc3ccc4nonc4c3)CC1)O2,1.0
GXDALQBWZGODGZ-UHFFFAOYSA-O,COc1ccc(CC[NH+]2CCC(Nc3nc4ccccc4n3Cc3ccc(F)cc3)CC2)cc1,1.0
YNNUSGIPVFPVBX-NHCUHLMSSA-O,C[NH+]1CCC[C@@H]1CCO[C@](C)(c1ccccc1)c1ccc(Cl)cc1,1.0
WPSYTTKBGAZSCX-UHFFFAOYSA-N,CCCCCCC[N+](CC)(CC)CCCCc1ccc(Cl)cc1,1.0
SRXDFTXYNLJBGD-UHFFFAOYSA-O,O=C1N=c2ccccc2=[N+]1C1CC[NH+](CCCC(c2ccc(F)cc2)c2ccc(F)cc2)CC1,1.0
IUDRMGZXAUQZQV-BRTIRZTQSA-N,c1ccc(-c2[nH]c3ccccc3c2C2C[C@@H]3CC[C@H](C2)N3c2ccccc2)cc1,1.0
DCSUBABJRXZOMT-IRLDBZIGSA-N,COc1cc(N)c(Cl)cc1C(=O)N[C@@H]1CCN(CCCOc2ccc(F)cc2)C[C@@H]1OC,1.0
SFOVDSLXFUGAIV-UHFFFAOYSA-O,Fc1ccc(Cn2c(NC3CC[NH2+]CC3)nc3ccccc32)cc1,1.0
LAGYWHSFHIMTPE-UHFFFAOYSA-O,Oc1ccc(CC[NH+]2CCC(Nc3nc4ccccc4n3Cc3ccc(F)cc3)CC2)cc1,1.0
LTMHDMANZUZIPE-PUGKRICDSA-N,C[C@H]1O[C@@H](O[C@H]2[C@@H](O)C[C@H](O[C@H]3[C@@H](O)C[C@H](O[C@H]4CC[C@]5(C)[C@H]6C[C@@H](O)[C@]7(C)[C@@H](C8=CC(=O)OC8)CC[C@]7(O)[C@@H]6CC[C@@H]5C4)O[C@@H]3C)O[C@@H]2C)C[C@H](O)[C@@H]1O,1.0
FYHCHSNOXWVJJT-NRFANRHFSA-N,CCCCNCC[C@H](O)c1cc2c(Cl)cc(Cl)cc2c2cc(C(F)(F)F)ccc12,1.0
HXGBXQDTNZMWGS-RUZDIDTESA-N,NC(=O)C(c1ccccc1)(c1ccccc1)[C@@H]1CCN(CCc2ccc3c(c2)CCO3)C1,1.0
HHZIURLSWUIHRB-UHFFFAOYSA-N,Cc1cn(-c2cc(NC(=O)c3ccc(C)c(Nc4nccc(-c5cccnc5)n4)c3)cc(C(F)(F)F)c2)cn1,1.0
IKIDYUZRZURTHB-UHFFFAOYSA-N,COC(=O)Cc1ccc(-n2cc(C3CCN(CCN4CCNC4=O)CC3)c3cc(Cl)ccc32)cc1,1.0
GSNUVPVGNUTESH-UHFFFAOYSA-N,O=C1NCCN1CCN1CCC(c2cn(C3CCCCC3)c3ccc(Cl)cc23)CC1,1.0
GKIRPKYJQBWNGO-OCEACIFDSA-O,CC[NH+](CC)CCOc1ccc(/C(=C(/Cl)c2ccccc2)c2ccccc2)cc1,1.0
PZUJQWHTIRWCID-HXUWFJFHSA-N,CC(C)(Cc1ccc2ccccc2c1)NC[C@@H](O)COc1cccc(Cl)c1C#N,1.0
VGIGHGMPMUCLIQ-UHFFFAOYSA-N,O=S1(=O)c2cccc3cccc(c23)N1CCCN1CCN(c2ccc(F)cc2)CC1,1.0
ADAGRLDCCJAKFP-UHFFFAOYSA-N,COc1ccc(CCN(C)CCCN(C(=O)c2ccc([N+](=O)[O-])cc2)c2ccc(OC)c(OC)c2)cc1OC,1.0
WINHZLLDWRZWRT-ATVHPVEESA-N,CCN(CC)CCNC(=O)c1c(C)[nH]c(/C=C2\C(=O)Nc3ccc(F)cc32)c1C,1.0
ZZRUNKWLFOCIGS-UHFFFAOYSA-O,CC[NH+](CC)CCCN(CC(=O)N(C1CCCCC1)C1CCCCC1)C(=O)c1ccc([N+](=O)[O-])cc1,1.0
LKQIPAMZDAZRAH-TTYVASLHSA-N,CN1[C@H](C[C@@H](O)c2ccccc2)CCC[C@@H]1CC(=O)c1ccccc1.CS(=O)(=O)Nc1ccc2c(c1)C(=O)CC1(CCN([C@@H]3CCc4cc(C#N)ccc4C3)CC1)O2,1.0
AVTBWIUBCJLMAN-UHFFFAOYSA-N,O=c1ccnc(NCC2CCN(c3nc4ccccc4n3Cc3ccc(F)cc3)CC2)[nH]1,1.0
VYLMFRUDZGQCNT-JOCHJYFZSA-O,N#Cc1ccc(Cn2cncc2C[NH2+][C@@H]2CCN(Cc3cccc(Cl)c3)C2=O)cc1,1.0
SLFGIOIONGJGRT-CQSZACIVSA-N,C[C@H](CN(C)C)CN1c2ccccc2Sc2ccc(C#N)cc21,1.0
CDXIZXQBISVZMK-RUZDIDTESA-P,N#Cc1ccc(Cn2cncc2C[NH+](CCC[NH3+])[C@@H]2CCN(Cc3cccc(Cl)c3)C2=O)cc1,1.0
RKUNBYITZUJHSG-QXULXFAOSA-O,C[NH+]1[C@H]2CC[C@@H]1CC(OC(=O)[C@@H](CO)c1ccccc1)C2,1.0
BXSHMKJGVLLOJW-UHFFFAOYSA-N,O=C(O)Cc1ccc(-n2cc(C3CCN(CCN4CCNC4=O)CC3)c3cc(Cl)ccc32)cc1,1.0
IFFPICMESYHZPQ-HXUWFJFHSA-O,C[C@H](Cc1ccccc1)[NH2+]CCC(c1ccccc1)c1ccccc1,1.0
BVPWJMCABCPUQY-UHFFFAOYSA-N,COc1cc(N)c(Cl)cc1C(=O)NC1CCN(Cc2ccccc2)CC1,1.0
LOUPRKONTZGTKE-LHHVKLHASA-N,C=C[C@H]1CN2CC[C@H]1C[C@@H]2[C@@H](O)c1ccnc2ccc(OC)cc12,1.0
QVYRGXJJSLMXQH-GOSISDBHSA-O,Cc1ccccc1[C@H](OCC[NH+](C)C)c1ccccc1,1.0
SLFGIOIONGJGRT-AWEZNQCLSA-O,C[C@H](CN1c2ccccc2Sc2ccc(C#N)cc21)C[NH+](C)C,1.0
ZDIGNSYAACHWNL-OAHLLOKOSA-N,CN(C)CC[C@H](c1ccc(Br)cc1)c1ccccn1,1.0
WSWLUEDPQUZWSK-CVEARBPZSA-O,O=C(Nc1ccccc1)c1[nH]c2cc(F)ccc2c1[C@@H]1C[NH2+]CC[C@@H]1F,1.0
RGCVKNLCSQQDEP-UHFFFAOYSA-P,OCC[NH+]1CC[NH+](CCCN2c3ccccc3Sc3ccc(Cl)cc32)CC1,1.0
CJDRUOGAGYHKKD-BDXZSHBPSA-N,CC[C@H]1[C@H]2C[C@H]3[C@@H]4N(C)c5ccccc5[C@]45C[C@@H]([C@H]2[C@H]5O)N3[C@@H]1O,1.0
LOUPRKONTZGTKE-LHHVKLHASA-O,C=C[C@H]1C[NH+]2CC[C@H]1C[C@@H]2[C@@H](O)c1ccnc2ccc(OC)cc12,1.0
KDFQABSFVYLGPM-QFIPXVFZSA-N,Cc1cccc(NC(=O)N[C@@H]2N=C(c3ccccc3)c3ccccc3N(C)C2=O)c1,1.0
UKCPSTPFRCLCPN-QHCPKHFHSA-N,CCN(CC)Cc1ccc2c(c1)CC[C@H](N1CCN(Cc3ccsc3)CC1=O)C2,1.0
PMXMIIMHBWHSKN-IBGZPJMESA-N,Cc1nc2n(c(=O)c1CCN1CCC(c3noc4cc(F)ccc34)CC1)CCC[C@@H]2O,1.0
VMCOPKACEUYYIT-ZDUSSCGKSA-O,Fc1ccc(-c2[nH]c3cc(F)ccc3c2[C@H]2CCC[NH2+]C2)cc1,1.0
ZYOUCRHWAYJCPN-UHFFFAOYSA-N,CC(=O)OCOC(=O)CN(CC(=O)O)c1ccccc1OCCOc1ccccc1N(CC(=O)O)CC(=O)O,1.0
MMAYPVADBNWURJ-SGNDLWITSA-N,O=C1NC[C@@H](c2ccccc2)C12CCN([C@H]1CCCC[C@@H]1c1ccccc1)CC2,1.0
KVZUKTSYJONTHS-HZPDHXFCSA-O,F[C@@H]1CC[NH2+]C[C@H]1c1c(-c2ccccc2)[nH]c2cc(Cl)ccc12,1.0
GVERGJNQZKUDON-ZIAGYGMSSA-O,Fc1ccc2c([C@@H]3C[NH2+]CC[C@H]3F)c(-c3ccsc3)[nH]c2c1,1.0
UISARWKNNNHPGI-MRXNPFEDSA-O,C[C@H](CC(c1ccccc1)c1ccccc1)[NH2+]C(C)(C)C,1.0
HXEXYULSUCMWPN-CVEARBPZSA-O,Fc1ccc(-c2[nH]c3cc(F)ccc3c2[C@@H]2C[NH2+]CC[C@@H]2F)cc1,1.0
FRMAENWFMZUGKV-UHFFFAOYSA-N,Cc1ccc(-c2nc(NC(=O)CN3CCC(CN(C)C)CC3)cc(-n3nccc3C)n2)o1,1.0
CNJCWWRIVPCJIN-SANMLTNESA-N,CCN(CC)Cc1ccc2c(c1)CC[C@H](N1CCN(CCc3cc(N)cc(C(F)(F)F)c3)CC1=O)C2,1.0
NTZONPNMYOBHJW-QNDUUYNRSA-N,O=C1NC[C@@H](c2ccccc2)C12CCN([C@H]1CCCC[C@@]1(O)C1CCC(F)CC1)CC2,1.0
FKGZUCNTGAPMBO-MHZLTWQESA-N,O=C1CN(CCc2ccc(F)cc2)CCN1[C@H]1CCc2cc(CN3CCC(C(F)(F)F)CC3)ccc2C1,1.0
GZSKEXSLDPEFPT-HZMBPMFUSA-O,COc1cc(N)c(Cl)cc1C(=O)N[C@H]1CC[NH+]2CCC[C@H]1C2,1.0
ZPUWHZPEHISDSA-LJQANCHMSA-N,CC(C)(CN)C(=O)N1CC(c2cc(F)ccc2F)=C[C@@H]1c1ccccc1,1.0
PZFVISYBXMCPDS-QGZVFWFLSA-N,CC[C@@H](O)c1cn(-c2ccc(F)cc2)c2ccc(Cl)cc12,1.0
JCCNYMKQOSZNPW-UHFFFAOYSA-N,CCOC(=O)N1CCC(=C2c3ccc(Cl)cc3CCc3cccnc32)CC1,1.0
SKYZYDSNJIOXRL-BTQNPOSSSA-N,CN1CCc2cccc3c2[C@H]1Cc1ccc(O)c(O)c1-3.Cl,1.0
GNFWJCGIZJCASB-WOJBJXKFSA-N,CC(C)[C@@H](N)C(=O)N1CC(c2cc(F)ccc2F)=C[C@@H]1c1ccccc1,1.0
YECBIJXISLIIDS-UHFFFAOYSA-O,COc1ccc(CN(CC[NH+](C)C)c2ccccn2)cc1,1.0
CTIRHWCPXYGDGF-UHFFFAOYSA-P,C1CCC2(C1)C1C[NH+](CC3CC3)CC2C[NH+](CC2CC2)C1,1.0
SXTAUSJLLADWLQ-XZOQPEGZSA-N,COc1cc2c(cc1OC)[C@@H]1Cc3ccc(OC)c(OC)c3[C@@H](Cc3ccccc3)N1CC2,1.0
AQASRZOCERRGBL-ROJLCIKYSA-N,COc1cc2c(cc1OC)[C@@H](Cc1ccc(Oc3cc(C[C@@H]4c5cc(OC)c(OC)cc5CCN4C)ccc3O)cc1)N(C)CC2,1.0
KVHHQGIIZCJATJ-SMDDNHRTSA-N,C[C@@H](CN(C)C)[C@](C)(O)Cc1ccc(Cl)cc1,1.0
VNFPBHJOKIVQEB-UHFFFAOYSA-N,Clc1ccccc1C(c1ccccc1)(c1ccccc1)n1ccnc1,1.0
UPKQNCPKPOLASS-SANMLTNESA-O,COc1ccc(CC[NH2+]CCC[C@@](C#N)(c2ccc(OC)c(OC)c2)C(C)C)cc1OC,1.0
CJOFXWAVKWHTFT-XSFVSMFZSA-O,COCCCC/C(=N\OCC[NH3+])c1ccc(C(F)(F)F)cc1,1.0
DJBNUMBKLMJRSA-LLVKDONJSA-O,O=C(NC[C@H]1CCCC[NH2+]1)c1cc(OCC(F)(F)F)ccc1OCC(F)(F)F,1.0
GCYKFPCFTPBZFL-VWLOTQADSA-N,O=C1CN(CCc2ccc(F)cc2)CCN1[C@H]1CCc2cc(Cn3ccnc3)ccc2C1,1.0
HHCYCBKPWYJVEB-UHFFFAOYSA-N,O=C(NC1CCN(Cc2ccc3c(c2)OCO3)CC1)c1cc(=O)c2cc(F)ccc2o1,1.0
JNNOSTQEZICQQP-UHFFFAOYSA-O,Clc1ccc2c(c1)N=C(N1CC[NH2+]CC1)c1ccccc1N2,1.0
CJSJNSBZZGUXSR-SNVBAGLBSA-N,C[C@@H](O)c1cn(-c2ccc(F)cc2)c2ccc(Cl)cc12,1.0
FYHCOUIJWCQUMZ-HNNXBMFYSA-O,c1ccc(-c2[nH]c3ccccc3c2[C@H]2CCC[NH2+]C2)cc1,1.0
MKXZASYAUGDDCJ-NJAFHUGGSA-N,COc1ccc2c(c1)[C@]13CCCC[C@@H]1[C@H](C2)N(C)CC3,1.0
MZNNAIHCWWROJM-UHFFFAOYSA-N,COc1ccc(CN2CCC(NC(=O)c3cc(=O)c4ccc(F)cc4o3)CC2)cc1,1.0
URKOMYMAXPYINW-UHFFFAOYSA-O,OCCOCC[NH+]1CCN(C2=Nc3ccccc3Sc3ccccc32)CC1,1.0
KYPUJSDJTKKTQO-OAQYLSRUSA-O,N#Cc1ccc(Cn2cncc2C[NH2+][C@@H]2CCN(C(=O)c3cccc(Cl)c3)C2=O)cc1,1.0
WMBWREPUVVBILR-WIYYLYMNSA-N,O=C(O[C@@H]1Cc2c(O)cc(O)cc2O[C@@H]1c1cc(O)c(O)c(O)c1)c1cc(O)c(O)c(O)c1,1.0
NNDBXESVYQQFSH-KEWXSAMVSA-N,CC/N=C(\c1ccc(OC)c(OC)c1)N1CCCc2cc(C3=NNC(=O)S[C@@H]3C)ccc21,1.0
XQLWNAFCTODIRK-NDEPHWFRSA-N,COc1ccc(CCN(C)CCC[C@@](C#N)(c2cc(OC)c(OC)c(OC)c2)C(C)C)cc1OC,1.0
YKKPUIDGSXNPRO-GOSISDBHSA-O,C[NH+]1CCCC[C@@H]1c1c(-c2ccccc2)[nH]c2ccccc12,1.0
RMRJXGBAOAMLHD-LDFHUFRKSA-O,CO[C@]12CC[C@@]3(C[C@@H]1[C@@](C)(O)C(C)(C)C)[C@H]1Cc4ccc(O)c5c4[C@@]3(CC[NH+]1CC1CC1)[C@H]2O5,1.0
YPELFRMCRYSPKZ-MRXNPFEDSA-O,CCOc1cc(N)c(Cl)cc1C(=O)NC[C@@H]1C[NH+](Cc2ccc(F)cc2)CCO1,1.0
NCDNCNXCDXHOMX-XGKFQTDJSA-N,CC(C)c1nc(CN(C)C(=O)N[C@H](C(=O)N[C@@H](Cc2ccccc2)C[C@H](O)[C@H](Cc2ccccc2)NC(=O)OCc2cncs2)C(C)C)cs1,1.0
PEUBMPVLEUTSNQ-UXHICEINSA-N,CC(C)[C@H](N)C(=O)N1CC(c2cc(F)ccc2F)=C[C@@H]1c1cccc(O)c1,1.0
JRFXDRYERZNJFJ-INIZCTEOSA-O,C[NH+]1CCC[C@H](c2c(-c3ccccc3)[nH]c3ccccc23)C1,1.0
XUFQPHANEAPEMJ-UHFFFAOYSA-P,NC(N)=[NH+]c1nc(CSCC/C(N)=[NH+]/S(N)(=O)=O)cs1,1.0
APIXJSLKIYYUKG-UHFFFAOYSA-N,CC(C)Cn1c(=O)n(C)c(=O)c2[nH]cnc21,1.0
VLPIATFUUWWMKC-SNVBAGLBSA-O,Cc1cccc(C)c1OC[C@@H](C)[NH3+],1.0
QPCVHQBVMYCJOM-UHFFFAOYSA-N,CCCOC(C(=O)OC1CCN(C)CC1)(c1ccccc1)c1ccccc1,1.0
PLQFHSGCVXIPKH-UHFFFAOYSA-N,COc1cc2c(Oc3ccc4[nH]c(C)c(C)c4c3)ncnc2cc1OCCN1CCN(CC(C)=O)CC1,1.0
QIHLUZAFSSMXHQ-UHFFFAOYSA-N,CC(C)(C)N1CCC(c2ccccc2)(c2ccccc2)CC1,1.0
ZLMFYNUFHKVXII-MHZLTWQESA-N,O=C1CN(CCc2ccc(F)cc2)CCN1[C@H]1CCc2cc(CN3CCCCC3)ccc2C1,1.0
FHIRATRLDJRXHH-WOJBJXKFSA-N,O=C([C@H](O)C1CC1)N1CC(c2cc(F)ccc2F)=C[C@@H]1c1ccccc1,1.0
JWLQSWJBHJDZPV-LJQANCHMSA-N,N#Cc1ccc(Cn2cncc2C[NH2+][C@@H]2CCN(C(=O)c3cccnc3[S-])C2=O)cc1,1.0
BLVUILRZDGFJPZ-UHFFFAOYSA-N,COc1ccc2c(=O)cc(C(=O)NC3CCN(Cc4ccc5c(c4)OCO5)CC3)oc2c1,1.0
QAGYKUNXZHXKMR-HKWSIXNMSA-O,Cc1c(O)cccc1C(=O)N[C@@H](CSc1ccccc1)[C@H](O)C[NH+]1C[C@H]2CCCC[C@H]2C[C@H]1C(=O)NC(C)(C)C,1.0
PCZOHLXUXFIOCF-KPNNFYHOSA-N,CC[C@@H](C)C(=O)O[C@@H]1C[C@@H](C)C=C2C=C[C@@H](C)[C@@H](CC[C@@H]3C[C@@H](O)CC(=O)O3)[C@H]21,1.0
CYCLMWMLGIRJQE-UHFFFAOYSA-N,Cc1cc2c(s1)=Nc1ccccc1NC=2N1CCNCC1,1.0
FHPIXVHJEIZKJW-UHFFFAOYSA-O,Cc1cc2c(s1)Nc1ccccc1N=C2N1CC[NH2+]CC1,1.0
ZBNZXTGUTAYRHI-UHFFFAOYSA-N,Cc1nc(Nc2ncc(C(=O)Nc3c(C)cccc3Cl)s2)cc(N2CCN(CCO)CC2)n1,1.0
UEQUQVLFIPOEMF-SFHVURJKSA-N,CN1CCN2c3ccccc3Cc3ccccc3[C@@H]2C1,1.0
QWAXKHKRTORLEM-UGJKXSETSA-O,CC(C)(C)NC(=O)[C@@H]1C[C@@H]2CCCC[C@@H]2C[NH+]1C[C@@H](O)[C@H](Cc1ccccc1)NC(=O)[C@H](CC(N)=O)NC(=O)c1ccc2ccccc2n1,1.0
XOSACJAQDPAKSG-UHFFFAOYSA-N,CCC(O)(CC)c1cn(-c2ccc(F)cc2)c2ccc(Cl)cc12,1.0
HSUGRBWQSSZJOP-RTWAWAEBSA-O,COc1ccc([C@@H]2Sc3ccccc3N(CC[NH+](C)C)C(=O)[C@@H]2OC(C)=O)cc1,1.0
YKPUWZUDDOIDPM-SOFGYWHQSA-N,COc1cc(CNC(=O)CCCC/C=C/C(C)C)ccc1O,1.0
COLOFELGEFWPSM-UHFFFAOYSA-N,O=C(NC1CCN(Cc2ccccc2)CC1)c1cc(=O)c2ccc(F)cc2o1,1.0
KFUJMHHNLGCTIJ-UHFFFAOYSA-N,CCCOC(C(=O)OC1CCN(C)CC1)(c1ccccc1)c1ccccc1.Cl,1.0
SOYKEARSMXGVTM-OAHLLOKOSA-O,C[NH+](C)CC[C@H](c1ccc(Cl)cc1)c1ccccn1,1.0
YNDYPWGPPXBCBU-QZTJIDSGSA-N,CC(C)Oc1cc([C@H](C2=CN[C@@H](C(O)(C(F)(F)F)C(F)(F)F)S2)c2cc[n+]([O-])cc2)ccc1OC(F)F,1.0
YECSPBDBORKKPX-UHFFFAOYSA-N,O=C(NC1CCN(Cc2cccc(F)c2)CC1)c1cc(=O)c2ccc(F)cc2o1,1.0
WIKYUJGCLQQFNW-UHFFFAOYSA-P,C[NH+]1CC[NH+](CCCN2c3ccccc3Sc3ccc(Cl)cc32)CC1,1.0
ISMDFYMIOSVVKL-RTBURBONSA-N,CC(C)(O)[C@H]1C=CC([C@H](c2cc[n+]([O-])cc2)c2ccc(OC(F)F)c(OC(F)F)c2)=CN1,1.0
IPOBOOXFSRWSHL-INIZCTEOSA-O,c1ccc(C2(c3ccccc3)C[C@H]2C2=[NH+]CCN2)cc1,1.0
QPOLRENOYJQNEP-UHFFFAOYSA-O,O=C1NCCN1CC[NH+]1CCC(c2cn(-c3ccc(F)cc3)c3ccccc23)CC1,1.0
LMCXKYFBYKWNPT-NDEPHWFRSA-N,CC(=O)N1CCN(Cc2ccc3c(c2)CC[C@H](N2CCN(CCc4ccc(F)cc4)CC2=O)C3)CC1,1.0
RWUSOKGVCNRFRC-YADHBBJMSA-N,CC(C)(C)[C@@H](NC(=O)OCCO)C(=O)N1CC(c2cc(F)ccc2F)=C[C@@H]1c1ccccc1,1.0
WGKXWXIRWQTDIT-UHFFFAOYSA-N,Cc1nc2c(=O)n(CC3(c4ccccc4)CC3)ccn2c1Br,1.0
ZKLPARSLTMPFCP-OAQYLSRUSA-O,O=C([O-])COCC[NH+]1CC[NH+]([C@H](c2ccccc2)c2ccc(Cl)cc2)CC1,1.0
KFCPOTABOSFYOA-GOSISDBHSA-N,CN(C)C(=O)N1CC(c2cc(F)ccc2F)=C[C@@H]1c1cccc(O)c1,1.0
YDJNEXNYNQFHSZ-QZTJIDSGSA-N,CC(C)Oc1cc([C@@H](C2=CN[C@@H](C(O)(C(F)(F)F)C(F)(F)F)S2)c2ccc[n+]([O-])c2)ccc1OC(F)F,1.0
HWADWMAQVCHLHJ-FCHUYYIVSA-N,COc1ccc(CC(=O)Nc2cc3c(cc2[N+](=O)[O-])OC(C)(C)[C@H](O)[C@H]3NC2CC2)cc1,0.0
ZZLROBRAQFBDQX-YADHBBJMSA-N,CC(C)Oc1cc([C@@H](C2=CN[C@@H](C(C)(C)O)C=C2)c2ccc[n+]([O-])c2)ccc1OC(F)F,0.0
OFYVIGTWSQPCLF-NWDGAFQWSA-N,Cc1ccc([C@@]23CNC[C@@H]2C3)cc1,0.0
AXOYDNAEBFRXFX-UHFFFAOYSA-N,CC(=O)Nc1ccc(CN2CCC(NC(=O)c3cc(=O)c4ccc(F)cc4o3)CC2)cc1,0.0
AWZOLILCOUMRDG-UHFFFAOYSA-N,CCOP(=O)(Sc1ccccc1)Sc1ccccc1,0.0
ZAKVYFKOQFBNTN-LJQANCHMSA-O,N#Cc1ccc(Cn2cncc2C[NH2+][C@@H]2CCN(C(=O)c3cccnc3N)C2=O)cc1,0.0
NEOCIRBUHOQWHN-IFMALSPDSA-N,CC(C)Oc1cc([C@@H](C2=CCC(=O)N=C2)C2=CN[C@@H](C(C)(C)O)C=C2)ccc1OC(F)F,0.0
BNUDUOYYTGIBIA-RMUUQTCXSA-N,CC(C)CN1C[C@H]2CN(C(C)C)C[C@@H](C1)C21CCCCC1.CNCC[C@@H](Oc1ccccc1C)c1ccccc1,0.0
PPJGRQFHPGWXNI-UHFFFAOYSA-N,O=C(NC1CCN(Cc2ccc3c(c2)OCO3)CC1)c1cc(=O)c2ccc(O)cc2o1,0.0
LSQARZALBDFYQZ-UHFFFAOYSA-N,O=C(c1ccc(F)cc1)c1ccc(F)cc1,0.0
GNDHXHLGYBJDRD-UHFFFAOYSA-N,O=C(c1ccccc1F)c1ccccc1F,0.0
ULGZDMOVFRHVEP-IWZFRRFNSA-O,CC[C@H]1OC(=O)[C@H](C)[C@H](O[C@H]2C[C@](C)(OC)[C@H](O)[C@@H](C)O2)[C@@H](C)[C@@H](O[C@H]2O[C@H](C)C[C@@H]([NH+](C)C)[C@H]2O)[C@](C)(O)C[C@@H](C)C(=O)[C@H](C)[C@@H](O)[C@@]1(C)O,0.0
ZBMZVLHSJCTVON-LBPRGKRZSA-O,CC(C)[NH2+]C[C@H](O)c1ccc(NS(C)(=O)=O)cc1,0.0
STJMRWALKKWQGH-JTQLQIEISA-N,CC(C)(C)NC[C@H](O)c1cc(Cl)c(N)c(Cl)c1,0.0
YHXISWVBGDMDLQ-UHFFFAOYSA-N,O=C(NCCN1CCOCC1)c1ccc(Cl)cc1,0.0
LORDFXWUHHSAQU-QFIPXVFZSA-O,CC[C@](COC(=O)c1cc(OC)c(OC)c(OC)c1)(c1ccccc1)[NH+](C)C,0.0
WOXKDUGGOYFFRN-IIBYNOLFSA-N,CN1CC(=O)N2[C@H](Cc3c([nH]c4ccccc34)[C@H]2c2ccc3c(c2)OCO3)C1=O,0.0
XJSFLOJWULLJQS-YYIBPVKUSA-O,CO[C@@H]1[C@H](OC(C)=O)CC(=O)O[C@H](C)C/C=C\C=C\[C@H](O)[C@H](C)C[C@H](CC=O)[C@H]1O[C@H]1O[C@H](C)[C@H](O[C@@H]2C[C@@](C)(O)[C@H](OC(=O)CC(C)C)[C@@H](C)O2)[C@H]([NH+](C)C)[C@H]1O,0.0
PBKZPPIHUVSDNM-ZRJJWSOFSA-M,C[C@@]12CCC(=O)C=C1C=C[C@@H]1[C@H]2CC[C@]2(C)[C@@H]1CC[C@]2(O)CCC(=O)[O-],0.0
PVHUJELLJLJGLN-MRXNPFEDSA-N,CCOC(=O)C1=C(C)NC(C)=C(C(=O)OC)[C@H]1c1cccc([N+](=O)[O-])c1,0.0
OINGBLFLPOTCSL-ZWNOBZJWSA-O,COc1c(N2CC[NH2+][C@H](C)C2)c(F)cc2c1[N+](C1CC1)=C[C@@H](C(=O)[O-])C2=O,0.0
PXHIIPJRDFBEKU-XFJVYGCCSA-O,COc1c(N2C[C@H]3CCC[NH2+][C@H]3C2)c(F)cc2c1[N+](C1CC1)=C[C@@H](C(=O)[O-])C2=O,0.0
HKRLVOSLITZMIY-UHFFFAOYSA-O,COCCc1ccc(-n2cc(C3CC[NH+](CCN4CCNC4=O)CC3)c3cc(Cl)ccc32)cc1,0.0
LTRSQBSUNYICJX-SFHVURJKSA-P,C[NH+]1CC[NH+]([C@@H]2c3ccccc3Nc3ccc(Cl)cc3N2O)CC1,0.0
GSNUVPVGNUTESH-UHFFFAOYSA-O,O=C1NCCN1CC[NH+]1CCC(c2cn(C3CCCCC3)c3ccc(Cl)cc23)CC1,0.0
REQCZEXYDRLIBE-UHFFFAOYSA-N,CCN(CC)CCNC(=O)c1ccc(N)cc1,0.0
IUBSYMUCCVWXPE-CQSZACIVSA-O,COCCc1ccc(OC[C@H](O)C[NH2+]C(C)C)cc1,0.0
MWFRKHPRXPSWNT-YZIKZFIESA-O,CC[C@H]1OC(=O)[C@H](C)[C@H](O[C@H]2C[C@@](C)(O)[C@H](O)[C@@H](C)O2)[C@@H](C)[C@H](O[C@H]2O[C@H](C)C[C@@H]([NH+](C)C)[C@H]2O)[C@](C)(O)C[C@@H](C)C(=O)[C@H](C)[C@@H](O)[C@@]1(C)O,0.0
GPTFURBXHJWNHR-UHFFFAOYSA-O,C[NH+]1CCc2cc3c(cc2C(=O)Cc2ccc4c(c2C1)OCO4)OCO3,0.0
YZTMOTXOTDTVTA-UHFFFAOYSA-N,CCCCC1=NC2(CCCC2)C(=O)N1Cc1ccc(-c2ccccc2-c2nn[n-]n2)cc1,0.0
YCXCLZSLZGBCTA-UHFFFAOYSA-O,Fc1ccc(-n2cc(C3CC[NH2+]CC3)c3cc(Cl)ccc32)cc1,0.0
KYYIDSXMWOZKMP-UHFFFAOYSA-N,CN(C)CC(c1ccc(O)cc1)C1(O)CCCCC1,0.0
SNICXCGAKADSCV-SNVBAGLBSA-O,C[NH+]1CCC[C@@H]1c1cccnc1,0.0
UJZQBOMSGKCXRL-UHFFFAOYSA-N,CC(C)(NC(=O)c1ccc(O)cc1)C(=O)O,0.0
GVGYEFKIHJTNQZ-REWJHTLYSA-N,C[NH+]1[C@H]2CC[C@@H]1[C@@H](C(=O)[O-])[C@H](OC(=O)c1ccccc1)C2,0.0
GVGLGOZIDCSQPN-PVHGPHFFSA-N,CC(=O)Oc1ccc2c3c1O[C@H]1[C@@H](OC(C)=O)C=C[C@H]4[C@@H](C2)N(C)CC[C@]314,0.0
SUXQDLLXIBLQHW-MRVPVSSYSA-N,C[C@H]1Sc2c(C(=O)O)c(=O)c3cc(F)c(N4CCNCC4)cc3n21,0.0
XJDGQHCPKBYDFF-LLVKDONJSA-O,O=C([O-])C1=C[N+](C2CC2)=C2C=C(N3CC[NH2+]CC3)C(F)=C[C@H]2C1=O,0.0
GSDSWSVVBLHKDQ-SNVBAGLBSA-N,C[C@@H]1COc2c(N3CC[NH+](C)CC3)c(F)cc3c(=O)c(C(=O)[O-])cn1c23,0.0
JVLBPIPGETUEET-UGTAXJHQSA-O,C[N@@+]1(CC2CC2)CC[C@]23c4c5ccc(O)c4O[C@H]2C(=O)CC[C@@]3(O)[C@H]1C5,0.0
FFGPTBGBLSHEPO-UHFFFAOYSA-N,NC(=O)N1c2ccccc2C=Cc2ccccc21,0.0
CJSJNSBZZGUXSR-JTQLQIEISA-N,C[C@H](O)c1cn(-c2ccc(F)cc2)c2ccc(Cl)cc12,0.0
AQIXAKUUQRKLND-UHFFFAOYSA-O,CN/C(NCCSCc1[nH]cnc1C)=[NH+]\C#N,0.0
SYRAPAFTQQTCIU-UHFFFAOYSA-N,O=C(O)CCC(O)=C1S(=O)(=O)OCCOS1(=O)=O.[H-].[Na+],0.0
GBSZDVFMPIWRPZ-FJSYBICCSA-N,CC[C@@](O)(C(=O)O)c1cc2n(c(=O)c1CO)Cc1cc3ccccc3nc1-2.[H-].[Na+],0.0
UJYCTVUDPGXFLI-UHFFFAOYSA-N,C#CCOCCCC(=O)O,0.0
LCQJKDPYEQJPIH-UHFFFAOYSA-N,C#CCSc1n[nH]c(-c2ccco2)n1,0.0
WOEYOUBBHRYDLG-UHFFFAOYSA-N,[N-]=[N+]=NCC(N)=O,0.0
SMOIGBFAZZYOSZ-VKHMYHEASA-N,O=C(O)CNC(=O)[C@@H]1NC(C(F)(F)F)(C(F)(F)F)OC1(C(F)(F)F)C(F)(F)F,0.0
ZAGRWEOGHJROGH-UHFFFAOYSA-N,Nc1[nH]c(SCC(=O)O)nc(=O)c1N,0.0
DIALFHUPRSIJKT-UHFFFAOYSA-N,O=C(O)CSc1n[nH]c(=O)[nH]c1=O,0.0
DSLBDPPHINVUID-UWTATZPHSA-N,NC(=O)C[C@@H](N)C(N)=O,0.0
PGNYNCTUBKSHHL-JCYAYHJZSA-N,N[C@@H](C(=O)O)[C@@H](N)C(=O)O,0.0
XNBJHKABANTVCP-UWTATZPHSA-N,NC(N)=NC[C@@H](N)C(=O)O,0.0
VIFOGXGRPDRQHS-UWTATZPHSA-N,N[C@H](CNO)C(=O)O,0.0
XSQKKPFNIVGDHL-JAFRLTCSSA-N,NC(=O)CS(=O)C[C@H](N)C(=O)O,0.0
RCWCQXFCPUFXTO-UWTATZPHSA-N,NC(=O)C[C@@H](N)c1nn[nH]n1,0.0
AWFDOAUBMAHQFU-GSVOUGTGSA-N,NC[C@@H](O)CSP(=O)(O)O,0.0
RGHGLIUDJMATHB-UHFFFAOYSA-N,O=c1[nH]c(SCc2c(Cl)c(Cl)c(Cl)c(Cl)c2Cl)nc(=S)[nH]1,0.0
OGRURUKWBQLASB-UHFFFAOYSA-N,Nc1nc(N)nc(CC(=O)O)n1,0.0
UHDMAEPGMOIEHH-UWTATZPHSA-N,N[C@H](Cc1nn[nH]n1)C(=O)O,0.0
OSNXEHYTTNFVIU-UWTATZPHSA-N,NC(=O)NOC[C@H]1NC(=O)NC1=O,0.0
YVEOHMIGBFUANZ-ZLZZAMJUSA-N,O.O=C(O)[C@H](O)[C@@H](O)[C@H]1O[SbH]O[C@@H]1CO,0.0
NIYGLRKUBPNXQS-UHFFFAOYSA-O,CS(=O)(=O)Nc1ccc2c(c1)C(O)CC1(CC[NH+](C3CCc4cc(C#N)ccc4C3)CC1)O2,1.0
YPELFRMCRYSPKZ-UHFFFAOYSA-O,CCOc1cc(N)c(Cl)cc1C(=O)NCC1C[NH+](Cc2ccc(F)cc2)CCO1,1.0
PHVGLTMQBUFIQQ-UHFFFAOYSA-O,C[NH2+]CCC=C1c2ccccc2CCc2ccccc21,1.0
FELGMEQIXOGIFQ-UHFFFAOYSA-N,Cc1nccn1CC1CCc2c(c3ccccc3n2C)C1=O,1.0
BYKYPZBCMBEEGU-UHFFFAOYSA-O,COc1ccc(C[NH2+]CC(O)COc2ccc3[nH]c(=O)ccc3c2)cc1OC,1.0
XIQVNETUBQGFHX-UHFFFAOYSA-O,CC[NH+](CC)CC#CCOC(=O)C(O)(c1ccccc1)C1CCCCC1,1.0
NKPQTGNIPWSNNX-RILYDNKNSA-O,CCC[NH+]1C[C@H](CSC)C[C@@H]2c3cccc4c3C(C=N4)C[C@H]21,1.0
CYXKNKQEMFBLER-SFHVURJKSA-O,C1CCC(C(C[C@@H]2CCCC[NH2+]2)C2CCCCC2)CC1,1.0
IFFPICMESYHZPQ-UHFFFAOYSA-O,CC(Cc1ccccc1)[NH2+]CCC(c1ccccc1)c1ccccc1,1.0
REQCZEXYDRLIBE-UHFFFAOYSA-O,CC[NH+](CC)CCNC(=O)c1ccc(N)cc1,1.0
PWWVAXIEGOYWEE-UHFFFAOYSA-O,CC(CN1c2ccccc2Sc2ccccc21)[NH+](C)C,1.0
JWHAUXFOSRPERK-UHFFFAOYSA-O,CCC[NH2+]CC(O)COc1ccccc1C(=O)CCc1ccccc1,1.0
KFVINGKPXQSPNP-UHFFFAOYSA-O,CCC(=O)NC(=O)c1ccc(N)cc1CC[NH+](CC)CC,1.0
AQHHHDLHHXJYJD-UHFFFAOYSA-O,CC(C)[NH2+]CC(O)COc1cccc2ccccc12,1.0
VBTZQSGZDUYCTG-UHFFFAOYSA-O,CC1=NC2=[N+](CCCC2)C(=O)C1CC[NH+]1CCC(c2noc3cc(F)ccc23)CC1,1.0
RXZBMPWDPOLZGW-HEWSMUCTSA-O,CC[C@H]1OC(=O)[C@H](C)[C@@H](O[C@H]2C[C@@](C)(OC)[C@@H](O)[C@H](C)O2)[C@H](C)[C@@H](O[C@@H]2O[C@H](C)C[C@H]([NH+](C)C)[C@H]2O)[C@](C)(O)C[C@@H](C)/C(=N/OCOCCOC)[C@H](C)[C@@H](O)[C@]1(C)O,1.0
GGCSSNBKKAUURC-UHFFFAOYSA-O,CCC(=O)N(c1ccccc1)C1(COC)CC[NH+](CCc2cccs2)CC1,1.0
UISARWKNNNHPGI-UHFFFAOYSA-O,CC(CC(c1ccccc1)c1ccccc1)[NH2+]C(C)(C)C,1.0
IUJDSEJGGMCXSG-UHFFFAOYSA-N,CCCC(C)C1(CC)C(=O)NC(=S)NC1=O,1.0
FNYLWPVRPXGIIP-UHFFFAOYSA-N,Nc1nc(N)c2nc(-c3ccccc3)c(N)nc2n1,1.0
ZSCDBOWYZJWBIY-UHFFFAOYSA-O,CC(CN1c2ccccc2CCc2ccccc21)C[NH+](C)C,1.0
PNVNVHUZROJLTJ-UHFFFAOYSA-O,COc1ccc(C(C[NH+](C)C)C2(O)CCCCC2)cc1,1.0
DDNCQMVWWZOMLN-IRLDBZIGSA-O,CCOC(=O)C1=C[C@]2(CC)CCC[NH+]3CCc4c(n1c1ccccc41)[C@@H]32,1.0
ZMHOBBKJBYLXFR-UHFFFAOYSA-O,CCCS(=O)CCC[NH+](CC)CC(O)COc1ccc(C#N)cc1,1.0
CTKNMSVWMRRCPW-UHFFFAOYSA-N,Clc1ccc(C(c2ccc(Cl)cc2)n2cc[n+](CC(OCc3ccc(Cl)cc3Cl)c3ccc(Cl)cc3Cl)c2)cc1,1.0
RMRJXGBAOAMLHD-UHFFFAOYSA-O,COC12CCC3(CC1C(C)(O)C(C)(C)C)C1Cc4ccc(O)c5c4C3(CC[NH+]1CC1CC1)C2O5,1.0
IPOBOOXFSRWSHL-UHFFFAOYSA-O,c1ccc(C2(c3ccccc3)CC2C2=[NH+]CCN2)cc1,1.0
SLFGIOIONGJGRT-UHFFFAOYSA-O,CC(CN1c2ccccc2Sc2ccc(C#N)cc21)C[NH+](C)C,1.0
ZPRQZUALRQVYOJ-UHFFFAOYSA-N,CCCCCCCCC(=O)NCc1ccc(CC(O)CO)c(OC)c1,1.0
KJHKTHWMRKYKJE-UHFFFAOYSA-N,Cc1cccc(C)c1OCC(=O)NC(Cc1ccccc1)C(O)CC(Cc1ccccc1)NC(=O)C(C(C)C)N1CCCNC1=O,1.0
PCZOHLXUXFIOCF-UHFFFAOYSA-N,CCC(C)C(=O)OC1CC(C)C=C2C=CC(C)C(CCC3CC(O)CC(=O)O3)C21,1.0
IKACRWYHQXOSGM-UHFFFAOYSA-O,CCC(=O)OC(Cc1ccccc1)(c1ccccc1)C(C)C[NH2+]C,1.0
UPKQNCPKPOLASS-UHFFFAOYSA-O,COc1ccc(CC[NH2+]CCCC(C#N)(c2ccc(OC)c(OC)c2)C(C)C)cc1OC,1.0
XKLMZUWKNUAPSZ-UHFFFAOYSA-P,COc1ccccc1OCC(O)C[NH+]1CC[NH+](CC(=O)Nc2c(C)cccc2C)CC1,1.0
MBWXNTAXLNYFJB-LKUDQCMESA-N,CC1=C(C/C=C(\C)CCCC(C)CCCC(C)CCCC(C)C)C(=O)c2ccccc2C1=O,1.0
DYLGFOYVTXJFJP-MFKUBSTISA-O,CCCC[NH+](CCCC)CC(O)c1cc(Cl)cc2c1-c1ccc(Cl)cc1/C2=C\c1ccc(Cl)cc1,1.0
GVERGJNQZKUDON-UHFFFAOYSA-O,Fc1ccc2c(C3C[NH2+]CCC3F)c(-c3ccsc3)[nH]c2c1,1.0
DQMZLTXERSFNPB-UHFFFAOYSA-N,CCC1(c2ccccc2)C(=O)NCNC1=O,0.0
CPTBDICYNRMXFX-UHFFFAOYSA-N,CNNCc1ccc(C(=O)NC(C)C)cc1,0.0
SSOLNOMRVKKSON-UHFFFAOYSA-P,CC(C)NC(=[NH2+])NC(=[NH2+])Nc1ccc(Cl)cc1,0.0
KEEFJRKWMCQJLN-OIBJUYFYSA-O,C[NH2+][C@@H](C)[C@@H](O)c1cccc(O)c1,0.0
LXNHXLLTXMVWPM-UHFFFAOYSA-N,Cc1ncc(CO)c(CO)c1O,0.0
WKSAUQYGYAYLPV-UHFFFAOYSA-N,CCc1nc(N)nc(N)c1-c1ccc(Cl)cc1,0.0
IWUCXVSUMQZMFG-RGDLXGNYSA-N,NC(=O)c1ncn([C@H]2O[C@@H](CO)[C@H](O)[C@@H]2O)n1,0.0
FTALBRSUTCGOEG-UHFFFAOYSA-N,Nc1nc2ccc(OC(F)(F)F)cc2s1,0.0
UBCHPRBFMUDMNC-UHFFFAOYSA-O,CC([NH3+])C12CC3CC(CC(C3)C1)C2,0.0
XSVMFMHYUFZWBK-NSHDSACASA-O,CCN(C)C(=O)Oc1cccc([C@H](C)[NH+](C)C)c1,0.0
SBWULMJDONUIBW-UHFFFAOYSA-O,C[NH+](C)CCC1C=Nc2ccc(Cn3cncn3)cc21,0.0
RZJQGNCSTQAWON-UHFFFAOYSA-N,CS(=O)(=O)c1ccc(C2=C(c3ccccc3)C(=O)OC2)cc1,0.0
UHSKFQJFRQCDBE-UHFFFAOYSA-O,CCC[NH+](CCC)CCc1cccc2c1CC(=O)N2,0.0
YASAKCUCGLMORW-UHFFFAOYSA-N,CN(CCOc1ccc(CC2SC(=O)NC2=O)cc1)c1ccccn1,0.0
MEZLKOACVSPNER-GFCCVEGCSA-O,C#CC[NH+](C)[C@H](C)Cc1ccccc1,0.0
UNAANXDKBXWMLN-UHFFFAOYSA-O,CC(C)CC([NH+](C)C)C1(c2ccc(Cl)cc2)CCC1,0.0
ZBMZVLHSJCTVON-UHFFFAOYSA-O,CC(C)[NH2+]CC(O)c1ccc(NS(C)(=O)=O)cc1,0.0
XNKLLVCARDGLGL-UHFFFAOYSA-N,Cc1cn(C2C=CC(CO)O2)c(=O)[nH]c1=O,0.0
MLKXDPUZXIRXEP-MFOYZWKCSA-M,CC1=C(CC(=O)[O-])c2cc(F)ccc2/C1=C\c1ccc(S(C)=O)cc1,0.0
WQRQXRREEIYVAG-UHFFFAOYSA-O,CNS(=O)(=O)Cc1ccc2c(c1)C(CC[NH+](C)C)C=N2,0.0
SRHXYFGJFNASFX-UHFFFAOYSA-O,C[N+]1=NN=C2C(C(N)=O)=NC=[N+]2C1=O,0.0
XWTYSIMOBUGWOL-UHFFFAOYSA-O,CC(C)(C)[NH2+]CC(O)c1cc(O)cc(O)c1,0.0
BPEWUONYVDABNZ-UHFFFAOYSA-N,CC12CCC3C(CCC4=CC(=O)C=CC43C)C1CCC(=O)O2,0.0
UEJJHQNACJXSKW-UHFFFAOYSA-N,O=C1CCC(N2C(=O)c3ccccc3C2=O)C(=O)N1,0.0
ZFXYFBGIUFBOJW-UHFFFAOYSA-N,Cn1c(=O)c2nc[nH]c2n(C)c1=O,0.0
WYWHKKSPHMUBEB-UHFFFAOYSA-N,Nc1nc(=S)c2[nH]cnc2[nH]1,0.0
DKJJVAGXPKPDRL-UHFFFAOYSA-J,O=P([O-])([O-])C(Sc1ccc(Cl)cc1)P(=O)([O-])[O-],0.0
XFYDIVBRZNQMJC-UHFFFAOYSA-O,Clc1ccc2nsnc2c1NC1=[NH+]CCN1,0.0
MIQPIUSUKVNLNT-UHFFFAOYSA-M,Cc1ccc(C(=O)c2cc(O)c([O-])c([N+](=O)[O-])c2)cc1,0.0
